experiment_name,fold,best_val_acc,train_losses,val_losses,test_acc
baseline_model,1,86.5,"[1.0674144809062664, 0.32978783777126897, 0.10023613503346077, 0.03216290989747414, 0.017430718415058576, 0.009475365352745239, 0.005884944586656415, 0.004445080287181414, 0.0036886507072127783, 0.0032265429528286825, 0.002793459821707354, 0.002524620208602685, 0.0022649186251398465]","[0.8567868322134018, 0.7828110903501511, 0.61818528175354, 0.5516956821084023, 0.5870803967118263, 0.5876335352659225, 0.5956145599484444, 0.61753960698843, 0.6271129101514816, 0.6255060583353043, 0.6250356286764145, 0.6322973594069481, 0.6388042122125626]",
baseline_model,2,83.0,"[1.1387397738603444, 0.2802813477241076, 0.102464753561295, 0.036896202426690325, 0.02025301231501194, 0.016588221232478436, 0.020589398685842752, 0.008702618571428152, 0.008876462592385136, 0.011994413637484495, 0.009187086610696636, 0.01230840237202266, 0.009461661997752694, 0.011499967130545814, 0.01069245998783467, 0.015073806557875987, 0.003537937765941024, 0.007989476112505564, 0.012776536804337341]","[1.4118330255150795, 1.3672269210219383, 1.2997335866093636, 1.389797680079937, 1.4145318865776062, 1.402351327240467, 1.4381818175315857, 1.4251405000686646, 1.4535080194473267, 1.4557677432894707, 1.46638023853302, 1.4569285959005356, 1.4676480367779732, 1.4754056483507156, 1.4828215166926384, 1.494831122457981, 1.5276010781526566, 1.5230212956666946, 1.5545127764344215]",
baseline_model,3,81.0,"[1.1127872008543749, 0.25700688247497266, 0.08249082846137193, 0.030469992842811804, 0.01373776442442949, 0.007867665639003882, 0.0057550928770349575, 0.004484550955776985, 0.0037015112331853462, 0.0031901145031532417, 0.0027857771000036825, 0.002445315995898384, 0.002208081969561485]","[1.1426735520362854, 0.9480010271072388, 1.1021394431591034, 1.02633598446846, 1.0196888446807861, 1.0143432915210724, 1.0240976810455322, 1.0305498391389847, 1.0496226102113724, 1.0457481741905212, 1.0452049523591995, 1.0664514005184174, 1.0815968364477158]",
baseline_model,4,87.0,"[1.102145635164701, 0.30285508242937237, 0.09969490050123288, 0.03912243418968641, 0.01820007489564327, 0.013823572152222578, 0.018588104142019383, 0.02097150683403015, 0.009659701850838386, 0.007121242188776915]","[0.8036399185657501, 0.6420076638460159, 0.6828896999359131, 0.692425087094307, 0.6739482022821903, 0.7561644688248634, 0.7141879200935364, 0.7129376232624054, 0.7314365915954113, 0.7425478771328926]",
baseline_model,5,82.41206030150754,"[1.1139019819406362, 0.2515150709794118, 0.07843396081947364, 0.03259631518561106, 0.017015600648637, 0.014595306191879969, 0.009743869304656982, 0.013523389334575487, 0.010309784923895048, 0.011666055392617216, 0.015936064175688304, 0.013093265937641263, 0.005701460445729585, 0.006760536487070987, 0.008915387147750992, 0.011443749374638382, 0.011882912170571776, 0.0061901906200756245, 0.009473834079332076, 0.00573274082181832, 0.007988919539806934, 0.00905839253951294, 0.01587554992427333]","[0.9436346590518951, 0.6144961044192314, 0.5560082271695137, 0.5725563317537308, 0.5880160965025425, 0.5697621293365955, 0.574618736281991, 0.5802308097481728, 0.5848446413874626, 0.5970711763948202, 0.5896956734359264, 0.5880507528781891, 0.5991476289927959, 0.5964620001614094, 0.6001065131276846, 0.6062272395938635, 0.6096849096938968, 0.6078844051808119, 0.6034553544595838, 0.6071778144687414, 0.6106949280947447, 0.6116164065897465, 0.6159215811640024]",
exp2_1_deep,1,82.5,"[1.8936472030786367, 1.322344000522907, 1.0055171159597545, 0.785079144514524, 0.5981253202144916, 0.47590850866757906, 0.36470347528274244, 0.2845892539391151, 0.22339937893243936, 0.16579388368588227, 0.1295206776032081, 0.09990305768755767, 0.0769628956913948, 0.06003797598756277, 0.047223131673840374, 0.03804005367251543, 0.032061962983929194, 0.026227538115703143, 0.022250480949878693, 0.01918437281766763, 0.0167153338686778, 0.014589938335120678, 0.013096199084359866, 0.01163075570590221, 0.01039783305560167, 0.009464402575618945, 0.008613603153767494, 0.008000350019966181]","[1.7249580323696136, 1.4187827408313751, 1.2167760133743286, 1.0613286942243576, 0.9795297086238861, 0.8996127098798752, 0.841873899102211, 0.7743102163076401, 0.7297598719596863, 0.7307583838701248, 0.7136948183178902, 0.6673999428749084, 0.6734994351863861, 0.6516729071736336, 0.6663731262087822, 0.6742856279015541, 0.6632140427827835, 0.6659936085343361, 0.6773003414273262, 0.6958217769861221, 0.6833775043487549, 0.6858192011713982, 0.7046649754047394, 0.6969455108046532, 0.7037424445152283, 0.7143418565392494, 0.7093547806143761, 0.7194147408008575]",
exp2_1_deep,2,82.5,"[1.8930879464516273, 1.2897128325242262, 0.9279927152853745, 0.7093841846172626, 0.5374498802881974, 0.42864444622626674, 0.3305189632452451, 0.26333522911255175, 0.20779064297676086, 0.1653773681475566, 0.12819119084339875, 0.10434219241142273, 0.08354319288180424, 0.07445766404271126, 0.05480944809432213, 0.04500170883077841, 0.04147927649319172, 0.03304570225568918, 0.030112095893575594, 0.026007623268434636, 0.022463565262464378, 0.020266436900083836]","[1.8171104788780212, 1.5161259174346924, 1.2670086175203323, 1.1288127452135086, 1.046187549829483, 0.9827657788991928, 0.96550053358078, 0.9376321509480476, 0.9078376665711403, 0.8933646753430367, 0.8955490067601204, 0.8953511863946915, 0.8973351716995239, 0.9026563465595245, 0.9004568010568619, 0.9005673974752426, 0.9234787970781326, 0.921246625483036, 0.9294539391994476, 0.9410451427102089, 0.9466590732336044, 0.9600321426987648]",
exp2_1_deep,3,80.0,"[1.9412382290913508, 1.3869801943118756, 1.0192225804695716, 0.754823638842656, 0.5639765010430262, 0.4310711691012749, 0.318313309779534, 0.23330483299035293, 0.17433125984210235, 0.12632790437111488, 0.0939608752154387, 0.07193548690814239, 0.05392184481024742, 0.043182989439139, 0.03494193089696077, 0.028303696702306088, 0.02355277781876234, 0.020525329961226538, 0.017523583526221607, 0.014808773063123226, 0.01302590357282987, 0.011614612411134519, 0.010299589413289841, 0.009229036262975289, 0.00822444947866293, 0.007573400659916492, 0.006855044048279524, 0.006239187957432408]","[1.8800796866416931, 1.5432615280151367, 1.3273305892944336, 1.1580146253108978, 1.0991773754358292, 1.0470583885908127, 1.0097481608390808, 1.0489710867404938, 1.011962354183197, 1.0310663878917694, 1.0225387662649155, 1.0274155884981155, 1.057285025715828, 1.0777749717235565, 1.0700922906398773, 1.1014703512191772, 1.117398351430893, 1.1286241859197617, 1.133054479956627, 1.139892354607582, 1.1565231680870056, 1.1823756992816925, 1.1617881059646606, 1.1943621337413788, 1.20370352268219, 1.1954212486743927, 1.2110397815704346, 1.224872186779976]",
exp2_1_deep,4,86.5,"[2.0027499749110294, 1.3941329671786382, 1.0125132890848012, 0.7499016064863938, 0.5651302337646484, 0.42984139919281006, 0.326254468697768, 0.2492965001326341, 0.18468612661728492, 0.13946676082335985, 0.10870692649712929, 0.08435879991604732, 0.06964568048715591, 0.05477631464600563, 0.04499628810355297, 0.0367335883470682]","[1.723861962556839, 1.2764802873134613, 0.9828229248523712, 0.8097380548715591, 0.7006081342697144, 0.6274019032716751, 0.5792977660894394, 0.5585730671882629, 0.5406054109334946, 0.5392486676573753, 0.5611011162400246, 0.5580050200223923, 0.5661924108862877, 0.554395042359829, 0.5791559666395187, 0.578079879283905]",
exp2_1_deep,5,80.90452261306532,"[1.8713885362331684, 1.2758902678122888, 0.9307570228209863, 0.7087239760618943, 0.5480084556799668, 0.42318221697440517, 0.3249191171847857, 0.24436586522139037, 0.18851253734185144, 0.14506001483935577, 0.11074647307395935, 0.0870236955009974, 0.06824259660564937, 0.05508404998825146, 0.04754378961829039, 0.03771899597576031, 0.03066450386093213, 0.02635571675804945, 0.023212077884146802, 0.019988700890770324, 0.017952306339373954, 0.016213324422446582, 0.013782573219102163, 0.013848837035206648, 0.012628095511060495, 0.010524750543901553, 0.010247707796784548, 0.009850409598304676, 0.010876432849237552, 0.013722257187160162, 0.010717174969613552, 0.009189821743907837]","[1.763927012681961, 1.4734878838062286, 1.2144079804420471, 1.0658340901136398, 0.9286885261535645, 0.8582461029291153, 0.7829791754484177, 0.7371851205825806, 0.7159365266561508, 0.6889879703521729, 0.6703431531786919, 0.6556623056530952, 0.6477650031447411, 0.6442846059799194, 0.6338584795594215, 0.6444764509797096, 0.6370669528841972, 0.6465314105153084, 0.6413190737366676, 0.6436252146959305, 0.648517519235611, 0.6478371173143387, 0.6504527255892754, 0.6502770148217678, 0.6537033244967461, 0.6551192440092564, 0.659450963139534, 0.6615044884383678, 0.6613891050219536, 0.6621098816394806, 0.6681538708508015, 0.6677583679556847]",
exp2_2_deep,1,83.0,"[2.0560814967522254, 1.41619650217203, 0.9958518330867474, 0.7436769100335928, 0.5499585683529193, 0.4165881688778217, 0.30494584945531994, 0.21641177856005156, 0.15255396755842063, 0.10677773620073612, 0.076433934414616, 0.05264132813765453, 0.035837363881560474, 0.02615829614492563, 0.020492279687179968, 0.016085725635863267, 0.013282147666009573]","[1.7524434328079224, 1.3751000314950943, 1.1235739290714264, 1.0101630836725235, 0.8573523610830307, 0.781993180513382, 0.710360124707222, 0.6431460753083229, 0.6390124559402466, 0.6155111566185951, 0.5972980484366417, 0.610166996717453, 0.6570726037025452, 0.6201217025518417, 0.634725533425808, 0.6482636705040932, 0.6334918811917305]",
exp2_2_deep,2,81.5,"[2.040662224476154, 1.5573887825012207, 1.2136653340779817, 0.9246713427396921, 0.698222971879519, 0.4973700780134935, 0.3606365185517531, 0.25188926320809585, 0.17336294398857996, 0.1158167588023039, 0.08426825472941765, 0.060916028486994594, 0.047788177258693255, 0.0394288724145064, 0.026396119680542212, 0.026157553021151286, 0.017399651141693957, 0.014356805405651148, 0.013218355293457325, 0.01332650176034524, 0.012650886514725594]","[1.8996630609035492, 1.6405338943004608, 1.4036249667406082, 1.2025509774684906, 1.0289994478225708, 0.9596990197896957, 0.8684284389019012, 0.8445428758859634, 0.822255089879036, 0.8103291690349579, 0.8224165514111519, 0.8906929045915604, 0.8558640703558922, 0.8520685881376266, 0.8730961158871651, 0.8862380236387253, 0.890873096883297, 0.9174225926399231, 0.9211566522717476, 0.9352993369102478, 0.9462302476167679]",
exp2_2_deep,3,82.0,"[2.041576678936298, 1.3802275932752168, 0.921005652501033, 0.6604817899373862, 0.47052424916854274, 0.34516936311355007, 0.24389864275088677, 0.16151462094141886, 0.10894568379108723, 0.0748749991449026, 0.05114308214531495, 0.03499613874233686, 0.02614084058083021, 0.01886213678293503, 0.014481820524311982, 0.012001256171900492]","[1.784129410982132, 1.3389953076839447, 1.0573168843984604, 0.9634904563426971, 0.8559121489524841, 0.9346314519643784, 0.8838497623801231, 0.8997374847531319, 0.9346938505768776, 0.9451261088252068, 0.9408684521913528, 0.973023533821106, 1.0791355967521667, 1.0074886158108711, 1.0843952372670174, 1.0680077746510506]",
exp2_2_deep,4,85.5,"[2.119870140002324, 1.586831257893489, 1.184367849276616, 0.8681739889658414, 0.6244603372537173, 0.4483559039922861, 0.3187185296645531, 0.2291334833090122, 0.1670597866177559, 0.11301931309012267, 0.07836154504464223, 0.0545931111734647, 0.04150416057270307, 0.03452259259155163, 0.023473264219669197, 0.02233557216823101, 0.015022037765727593, 0.015038175938221125]","[1.8869488835334778, 1.5115337371826172, 1.1723367869853973, 0.9485207498073578, 0.7713693827390671, 0.6849899441003799, 0.634708896279335, 0.5765309631824493, 0.6445070952177048, 0.5878981351852417, 0.5815193355083466, 0.5614467561244965, 0.6415335237979889, 0.5671033039689064, 0.6198371425271034, 0.5953323543071747, 0.629138633608818, 0.6216424480080605]",
exp2_2_deep,5,79.39698492462311,"[2.0217800323779764, 1.5569603993342473, 1.1781652523921087, 0.856690879051502, 0.6004238357910743, 0.40592570488269514, 0.2854352971682182, 0.1890095449410952, 0.12728673334305102, 0.08365802065684246, 0.05850732985597391, 0.04368770495057106, 0.03638915717601776, 0.02594931674404786, 0.018649231212643478, 0.018613101484683845, 0.018126299748053916, 0.01868526841728733]","[1.990216463804245, 1.6669864505529404, 1.359408363699913, 1.1101429164409637, 0.934848889708519, 0.860023021697998, 0.7774009853601456, 0.7274446785449982, 0.7320123165845871, 0.7114222347736359, 0.7303836941719055, 0.7042127922177315, 0.7539326548576355, 0.7633421793580055, 0.7933147251605988, 0.7467344477772713, 0.7780996114015579, 0.7627571895718575]",
exp2_3_deep,1,85.5,"[2.138369294313284, 1.6628828782301683, 1.2501976994367747, 0.9350707806073703, 0.6693288271243756, 0.4514172604450813, 0.3051002656037991, 0.2014792664692952, 0.10926376999570774, 0.058605117293504566, 0.032815796681321584, 0.019246964930341795, 0.012567318331163663, 0.008899054740770506, 0.006773006833659915, 0.0054789114062889265, 0.004374298195426281, 0.00379795552446292, 0.0032388751502507008, 0.002753378384603331, 0.0024912847080626166, 0.002203091262624814]","[2.084677368402481, 1.7610964477062225, 1.4544899314641953, 1.228147342801094, 1.0344986617565155, 0.853618323802948, 0.743869811296463, 0.6181756183505058, 0.6248828917741776, 0.5967857986688614, 0.5858660414814949, 0.6096670776605606, 0.6084920167922974, 0.6075955033302307, 0.6118236035108566, 0.6278357207775116, 0.623273104429245, 0.6313029080629349, 0.6390631347894669, 0.6406705230474472, 0.6451243311166763, 0.6509056687355042]",
exp2_3_deep,2,81.0,"[2.1250004126475406, 1.555302042227525, 1.058978287073282, 0.7232707509627709, 0.5260238693310664, 0.3644974518280763, 0.26840857473703533, 0.18029406322882727, 0.11275165642683323, 0.07779092886126958, 0.06292788913616768, 0.04219702502282766, 0.02842704923107074, 0.024232993762080487, 0.014555762450282391, 0.012851424085406156, 0.018406468264472026, 0.014882431365549564, 0.0074791390126427775, 0.00706003479158076, 0.009789978628619932, 0.006978289671958639, 0.007837271174559226, 0.008261630616079155, 0.0072139328291926244, 0.0058658385129932026, 0.003630348275272319, 0.005598282114638446, 0.004939108737744391, 0.010359522452255568, 0.0066623611895080944, 0.006786110090056004, 0.004162670345976949]","[1.8905133605003357, 1.4617981314659119, 1.2051464766263962, 1.1050840318202972, 0.9607417359948158, 0.858037605881691, 0.899570494890213, 0.9290744587779045, 0.9412791281938553, 0.9721545949578285, 0.9464028775691986, 1.044441968202591, 0.9523552060127258, 1.053326778113842, 1.011164739727974, 1.1241982132196426, 1.0618614107370377, 1.0661233067512512, 1.0920889675617218, 1.2046409398317337, 1.126257985830307, 1.1273069977760315, 1.3657006621360779, 1.1631494164466858, 1.165892332792282, 1.1826436519622803, 1.2001714706420898, 1.228923037648201, 1.2157240957021713, 1.2311355769634247, 1.221955120563507, 1.290792465209961, 1.2619260400533676]",
exp2_3_deep,3,83.0,"[2.1243104934692383, 1.6071184598482573, 1.0542547702789307, 0.6426715025534997, 0.4459826120963463, 0.2876707728092487, 0.18349679502157065, 0.10582945897028996, 0.06547354276363666, 0.041299560178930945, 0.024402755455901988, 0.017345743898588877, 0.012464338841919716, 0.009145427351960769, 0.0073543070600583, 0.005998741871175857, 0.005031825741752982, 0.004340839267780001, 0.0037666836825127783, 0.0033171934774145484, 0.002899887335773271]","[2.0861612260341644, 1.6608828604221344, 1.2520388960838318, 0.9033888429403305, 0.8278181105852127, 1.1560655534267426, 1.063546098768711, 1.0713668316602707, 1.26773402094841, 1.1015387624502182, 1.2442276179790497, 1.2232914417982101, 1.2089427560567856, 1.3070659339427948, 1.2892212271690369, 1.3046496585011482, 1.3422361761331558, 1.3386753648519516, 1.3496071100234985, 1.381306380033493, 1.394784763455391]",
exp2_3_deep,4,86.0,"[2.140481655414288, 1.610273031088022, 1.1680045265417833, 0.8056659217064197, 0.5657496819129357, 0.37255101249768185, 0.2540335150865408, 0.15925657691863868, 0.09263116092636035, 0.051954925346833006, 0.03371793461533693, 0.022614665616017122, 0.0157159547536419, 0.014231242884237032, 0.01246032534310451, 0.01313677723877705, 0.008965444339152712, 0.009212979903587928, 0.005914782585862737, 0.006492549159492438, 0.007137332613078447, 0.011509799711907713, 0.01335909091330205, 0.006113538321537467, 0.008356021520180197, 0.008144442950232098, 0.009315367456740485, 0.0067504244641615795, 0.003609891443584974, 0.00467837528916649, 0.008938189143708978]","[1.928331434726715, 1.4935713559389114, 1.1065699458122253, 0.8584431558847427, 0.773198276758194, 0.6123640239238739, 0.6089434623718262, 0.5284100994467735, 0.5659189000725746, 0.4804926663637161, 0.6157575994729996, 0.5015480294823647, 0.6129549518227577, 0.580354206264019, 0.523167610168457, 0.6335552558302879, 0.5357605591416359, 0.5999873355031013, 0.5823602825403214, 0.6571552902460098, 0.5431205034255981, 0.8880801051855087, 0.5555838420987129, 0.6377354487776756, 0.6050500199198723, 0.6697383970022202, 0.6369790956377983, 0.6280500665307045, 0.6649238392710686, 0.6813280880451202, 0.6663720309734344]",
exp2_3_deep,5,79.39698492462311,"[2.1303547345674954, 1.5124484392312856, 0.9844162464141846, 0.6506777703762054, 0.433194848207327, 0.2968096538231923, 0.18392362961402306, 0.1118108515556042, 0.07636053086473392, 0.05422998606585539, 0.05164834656394445, 0.06015877884167891, 0.03765686400807821, 0.019984198949084833, 0.013758072128089575, 0.028829926248783104, 0.006145832110912754, 0.010999115595880609, 0.00569995498069777, 0.006528162092973406, 0.005670292705942232, 0.004720460292166815]","[1.9177148342132568, 1.3851618468761444, 1.1205887496471405, 0.9140913486480713, 0.8606156408786774, 0.7535411417484283, 0.8021235167980194, 0.7155495285987854, 0.7711921185255051, 0.8539142906665802, 0.9858881086111069, 0.6991840302944183, 0.7502163499593735, 0.7491918094456196, 0.7514222972095013, 0.8123516291379929, 0.77014584466815, 0.775322113186121, 0.7895405851304531, 0.8032923117280006, 0.8120597265660763, 0.8112230375409126]",
exp3_1_deep,1,86.0,"[2.048262064273541, 1.3209395087682283, 0.847968537073869, 0.5780200522679549, 0.37504873825953555, 0.24582395072166735, 0.13233191319383109, 0.06819969329696435, 0.031837137487645335, 0.016389943802585967, 0.009071243855242547, 0.006098532834305213, 0.00443569253771924, 0.003586339531466365, 0.0028222131793602155, 0.0024768163790353215, 0.0021483367398524513, 0.0018255394310332262]","[1.838764488697052, 1.3527456521987915, 1.1097713559865952, 1.2124566435813904, 0.7913588732481003, 0.7725298255681992, 0.6998266130685806, 0.6749973520636559, 0.6526091396808624, 0.6973069235682487, 0.724419116973877, 0.7384926453232765, 0.749868743121624, 0.7536711320281029, 0.7499083057045937, 0.7568156644701958, 0.761047713458538, 0.7683945670723915]",
exp3_1_deep,2,82.0,"[2.035780750788175, 1.4326648528759296, 0.9020806230031527, 0.55516484609017, 0.3385357616039423, 0.2240849882364273, 0.10841337132912415, 0.06668572657956527, 0.030175931393527068, 0.04845719798826254, 0.02421294629143981, 0.013379943234702716, 0.01735432754055812, 0.006364615974374688, 0.007084435783326626, 0.008247304904776124]","[1.86917245388031, 1.4921850562095642, 1.2545442432165146, 0.9986699819564819, 0.9035519808530807, 0.8238719254732132, 0.7715878859162331, 0.7991747036576271, 0.8325095251202583, 0.8004286885261536, 0.9916528910398483, 0.8102581202983856, 0.8797430098056793, 0.9579682499170303, 0.8504573702812195, 0.9329302236437798]",
exp3_1_deep,3,82.0,"[2.0099012576616726, 1.4382425454946666, 0.8709478424145625, 0.5327778091797462, 0.32375746277662426, 0.17360080835910943, 0.08341625533424891, 0.04022820637776302, 0.01915497712504405, 0.009709259674239617, 0.00636939718746222, 0.004509256472094701, 0.003638630822444191]","[1.7251237332820892, 1.2929238677024841, 1.0789937376976013, 0.8924113214015961, 0.8542850017547607, 0.7334151715040207, 1.1085674688220024, 1.015405222773552, 1.0985116213560104, 1.0319043695926666, 1.1130719929933548, 1.140219122171402, 1.1139423251152039]",
exp3_1_deep,4,87.5,"[2.0930644823954654, 1.2962000461725087, 0.814842953131749, 0.5194280835298392, 0.3304869578434871, 0.19717111381200644, 0.12043804560716335, 0.05828263252400435, 0.035513149216198005, 0.023764407047285482, 0.015510157896922184, 0.010845521876875024, 0.007997375841324147, 0.009700199195112173, 0.01104711159132421, 0.01046511484310031, 0.008690872417691235, 0.011099098590560831]","[1.7495124340057373, 1.1440027356147766, 0.887050524353981, 0.7038912326097488, 0.7125763073563576, 0.6870503127574921, 0.6044281274080276, 0.590811237692833, 0.7255429923534393, 0.6091275066137314, 0.6964667662978172, 0.7268901243805885, 0.6892544254660606, 0.8396288156509399, 0.6890211850404739, 0.872171938419342, 0.8122948706150055, 1.0481907650828362]",
exp3_1_deep,5,78.39195979899498,"[2.114763800914471, 1.4511858041469867, 0.8735992358281062, 0.5748798984747666, 0.3541255902785521, 0.2179049442593868, 0.1471269136438003, 0.06372135447768065, 0.040940005475511916, 0.018652385315642908, 0.016074151445466738, 0.009960341804589216, 0.008493838903422538, 0.012377666900507532, 0.005763870950501699, 0.007716163688410933, 0.01230033478126503]","[1.8802250921726227, 1.3263853192329407, 1.052279770374298, 0.9170570224523544, 0.7722650617361069, 0.6915088444948196, 0.7412604242563248, 0.7020323351025581, 0.684418398886919, 0.7191883996129036, 0.7589491978287697, 0.7535079829394817, 0.7595054283738136, 0.7621924877166748, 0.8364393413066864, 0.850516127422452, 0.886153556406498]",
exp3_2_deep,1,86.5,"[1.9993787362025335, 1.173441034096938, 0.7247717242974502, 0.49982460416280305, 0.2886150020819444, 0.16630475509625214, 0.07998339688548675, 0.03427792684389995, 0.016048269991118174, 0.008395629899146466, 0.0050627790713826054, 0.0034429252667066, 0.0026423412178141568, 0.002121710039388675, 0.0018005661505202835, 0.0015595510888558168, 0.0013109748520386906, 0.0011561106299408353, 0.001054239768284158, 0.0009236021388250475, 0.0008217968592921702, 0.0007236862282017962, 0.0006689202004613784]","[1.712350606918335, 1.1263475716114044, 0.8208253681659698, 0.734780378639698, 0.6738694980740547, 0.7030337750911713, 0.5539470091462135, 0.6051761284470558, 0.6348341777920723, 0.6260876879096031, 0.6566064581274986, 0.6257688924670219, 0.6232988312840462, 0.653649166226387, 0.658631220459938, 0.670099176466465, 0.6844445317983627, 0.6800010800361633, 0.6857769042253494, 0.6966087073087692, 0.698464959859848, 0.7036362215876579, 0.7144231051206589]",
exp3_2_deep,2,82.0,"[1.975564351448646, 1.1585839895101695, 0.7336338437520541, 0.5172508106781886, 0.31117986371883977, 0.17154076065008456, 0.09363464667246892, 0.04529558910200229, 0.024561174787007846, 0.01149022883663957, 0.010897623303417977, 0.027322805665719967, 0.01677588769234717, 0.018006852398125026, 0.010154648755605403, 0.007217357400804758, 0.005135361570864916, 0.007123037178714115]","[1.6884593665599823, 1.5111347883939743, 0.972865030169487, 0.8564562499523163, 0.915286511182785, 0.8050172254443169, 1.0023514702916145, 0.91872338950634, 0.8930600211024284, 0.9671544805169106, 0.9880612939596176, 1.0238271951675415, 1.4369946122169495, 0.9611723273992538, 1.069191038608551, 1.1076010838150978, 1.0666998326778412, 1.0707505270838737]",
exp3_2_deep,3,81.5,"[1.9830486040848951, 1.1945591064599843, 0.743995726108551, 0.4505515373670138, 0.27299687610222745, 0.14681267337157175, 0.0747597494090979, 0.03593224931794863, 0.018477428811960496, 0.009426181634458212, 0.004650012410890598, 0.0036373048877486815, 0.0026543341003931486, 0.002167594663870449, 0.0018098254401523333, 0.0016107495175674558]","[1.637270212173462, 1.2246355265378952, 1.0777982473373413, 0.9998864382505417, 0.8249147683382034, 0.9527259171009064, 1.1703058332204819, 0.9935349076986313, 1.1012072712182999, 0.9572176337242126, 1.1672061532735825, 1.078609973192215, 1.0996717810630798, 1.14401975274086, 1.1333160400390625, 1.1686434596776962]",
exp3_2_deep,4,86.5,"[1.9672056711637056, 1.1562536771480854, 0.7006585896015167, 0.4531775013758586, 0.29778289336424607, 0.17439239128277853, 0.06961877042284378, 0.0530192399254212, 0.03748947510925623, 0.01819036116536993, 0.021709090027098473, 0.0134320984630344, 0.009950156144511241, 0.010221409969604932, 0.004496912113749064, 0.003773374465079262, 0.004902967636903318, 0.003848698688670993, 0.00738696800544858, 0.004171771704792404]","[1.5166992843151093, 0.8266340494155884, 0.713792473077774, 0.6598105132579803, 0.606895886361599, 0.4862125888466835, 0.49453897774219513, 0.5918579921126366, 0.8788057640194893, 0.5249931737780571, 0.7602037936449051, 0.5281924307346344, 0.6332846656441689, 0.5995180830359459, 0.5781321749091148, 0.6272545754909515, 0.6090386509895325, 0.6237144321203232, 0.6279940083622932, 0.6797400116920471]",
exp3_2_deep,5,77.8894472361809,"[2.0297499895095825, 1.1575486339055574, 0.6959743499755859, 0.4285463782457205, 0.2848625687452463, 0.17522642818781045, 0.09066703715003453, 0.05612844171432348, 0.04614116265796698, 0.020191511891495723, 0.011118915755874835, 0.009569577353361707, 0.008345001878646703, 0.007806527714889783, 0.00706489747748352, 0.007543631099486867, 0.005874068762820501]","[1.6294931173324585, 1.3244834244251251, 1.0087352395057678, 0.981775313615799, 0.7501836270093918, 0.6981916055083275, 0.6792864874005318, 0.7843472212553024, 0.6376396529376507, 0.6513165794312954, 0.6695413812994957, 0.673983346670866, 0.6867856904864311, 0.6951720826327801, 0.6969999298453331, 0.7040531001985073, 0.7138654105365276]",
exp3_3_deep,1,82.0,"[2.189033875098595, 1.9182473971293523, 1.649985359265254, 1.320481300354004, 1.0242150930257945, 0.7985316514968872, 0.6097917235814608, 0.4427018463611603, 0.3148344491536801, 0.21559391801173872, 0.14321259036660194, 0.09449303350769557, 0.06506488300286807, 0.0462503582239151, 0.03470644498100647, 0.025888865240491353, 0.020699876002394237, 0.01662940367196615, 0.014292338648094581, 0.010760154575109482, 0.008777458901302172]","[2.1042943596839905, 1.9301764965057373, 1.6975328624248505, 1.4291744828224182, 1.2651985436677933, 1.1433520168066025, 0.9821998924016953, 0.859468087553978, 0.7754403501749039, 0.7573179453611374, 0.7410592436790466, 0.7209319174289703, 0.6993908435106277, 0.7148750200867653, 0.7200397253036499, 0.7419418618083, 0.7533344998955727, 0.7533198371529579, 0.7709802761673927, 0.7786886543035507, 0.7849316447973251]",
exp3_3_deep,2,83.0,"[2.2402148980360765, 1.9546911441362822, 1.6533853182425866, 1.338077609355633, 1.0311789971131544, 0.8059138151315542, 0.6399968174787668, 0.4913569184450003, 0.37385764488807094, 0.2758259383531717, 0.20060493969000304, 0.15431386404312575, 0.10774624347686768, 0.08224515101084343, 0.059988008525509104, 0.03782288357615471, 0.033630087541846126, 0.029768155314601384, 0.031042479838316258, 0.019344712822483137, 0.026220302240779765, 0.015608495065512566, 0.014440108054819016, 0.011004032459683143, 0.01109761270121313, 0.010684059108965673, 0.01302734099758359, 0.005461254479506841, 0.010103867998203406]","[2.1153260469436646, 1.9370213747024536, 1.7466179132461548, 1.5786851942539215, 1.46171835064888, 1.3837028592824936, 1.2729476690292358, 1.1631465703248978, 1.0549917295575142, 0.9766107052564621, 0.9814963340759277, 0.9719924181699753, 1.0495349019765854, 1.0168480202555656, 1.1136031299829483, 1.0885949581861496, 1.1511838510632515, 1.217871017754078, 1.202610343694687, 1.409130111336708, 1.1964348629117012, 1.2210020124912262, 1.245485857129097, 1.256994977593422, 1.2663943693041801, 1.2906554341316223, 1.3223132714629173, 1.2854921743273735, 1.334465153515339]",
exp3_3_deep,3,78.5,"[2.2232542771559496, 1.9293316052510188, 1.601212712434622, 1.304610252380371, 1.0455813728846037, 0.7799330422511468, 0.6128969651002151, 0.45118648501542896, 0.32636455962291133, 0.22698858151069054, 0.15680192410945892, 0.10619579628109932, 0.07139016315340996, 0.048145764149152316, 0.0329265259206295, 0.024900915745932322, 0.0187223947678621, 0.014999339285378274, 0.011759215034544468, 0.01033279923005746]","[2.1536488234996796, 1.9490158259868622, 1.7696870863437653, 1.5668726414442062, 1.399696335196495, 1.2419834434986115, 1.1701573431491852, 1.1080978512763977, 1.0980496555566788, 1.1250128895044327, 1.1869346648454666, 1.2118052393198013, 1.2732082158327103, 1.3175715804100037, 1.3241814821958542, 1.3631355315446854, 1.4495352655649185, 1.4051502048969269, 1.5065022855997086, 1.4966048747301102]",
exp3_3_deep,4,87.0,"[2.268625882955698, 2.091930233515226, 1.822399872999925, 1.5234730885579035, 1.1939559624745295, 0.8831741167948797, 0.6417774237119235, 0.5007726641801687, 0.385529019511663, 0.2839474253929578, 0.21628319185513717, 0.16012862897836244, 0.12145165927135028, 0.09206787754709904, 0.06631769727055843, 0.04923842761379022, 0.03989997706734217, 0.03230412419025715]","[2.241556465625763, 2.0411497354507446, 1.751161515712738, 1.4596455991268158, 1.193047285079956, 0.9299833625555038, 0.8277817219495773, 0.7339074611663818, 0.6427435278892517, 0.6716996356844902, 0.5773579031229019, 0.6409876272082329, 0.6071073785424232, 0.6244196593761444, 0.6353821307420731, 0.6081252321600914, 0.6134642362594604, 0.6388437375426292]",
exp3_3_deep,5,80.40201005025126,"[2.226141306070181, 1.9534257833774273, 1.6708305523945735, 1.3682655462851891, 1.0608792901039124, 0.7956219544777503, 0.625822493663201, 0.45825789066461414, 0.33198794493308437, 0.24871844626390016, 0.1798934959448301, 0.12858319282531738, 0.10328328638122632, 0.07424182158250076, 0.05661596988256161, 0.04200363674989113, 0.03707737432649502, 0.02906691411939951, 0.042241131456998676, 0.019522406447392244, 0.026530947392949693, 0.016774565984423343, 0.01445187022909522, 0.01646481819737416, 0.014803973850435935, 0.01160769105459062, 0.01198709630765594]","[2.1470528542995453, 1.9603358507156372, 1.7304485738277435, 1.4788621962070465, 1.2712539434432983, 1.0865024626255035, 0.9873567074537277, 0.8946907669305801, 0.8161799162626266, 0.8008549213409424, 0.7442096397280693, 0.728410467505455, 0.7527609318494797, 0.7431230843067169, 0.7446252927184105, 0.7535337060689926, 0.7444945201277733, 0.7698772326111794, 0.7868594489991665, 0.8001433610916138, 0.7751900963485241, 0.7942121848464012, 0.8102996721863747, 0.8173439502716064, 0.8164223060011864, 0.81157486140728, 0.8222666829824448]",
exp4_1_dropout,1,87.5,"[2.2021324634552, 1.8413349390029907, 1.5571115108636708, 1.2981448356921856, 1.105617385644179, 0.9642832646003137, 0.7594576340455276, 0.6471111086698679, 0.5210609229711386, 0.4457880396109361, 0.3497744959134322, 0.25735539771043336, 0.2120604096696927, 0.1993193867114874, 0.1370901826482553, 0.1320426555780264, 0.08861160106383838, 0.08325704359091245, 0.0726871142307153, 0.07374218650735341, 0.06850430799218324]","[2.0921520590782166, 1.8465195298194885, 1.5475707352161407, 1.3804229646921158, 1.1801739484071732, 1.1037069708108902, 0.8683672249317169, 0.840170606970787, 0.7661483436822891, 0.7690194770693779, 0.6989049464464188, 0.6717478334903717, 0.6797358617186546, 0.6364514157176018, 0.6065439507365227, 0.645455926656723, 0.6617977768182755, 0.6165244281291962, 0.6335888877511024, 0.6183837130665779, 0.5802483484148979]",
exp4_1_dropout,2,83.5,"[2.2435633219205418, 1.9056375851997962, 1.5701004908635066, 1.266293846643888, 1.0298016713215754, 0.9051976387317364, 0.7126001899059002, 0.6369344385770651, 0.4936930560148679, 0.39619681239128113, 0.3663235971560845, 0.2867895857645915, 0.21844065361298048, 0.195816675057778, 0.15104928612709045, 0.16362235981684464, 0.11296677961945534, 0.08312281765616857, 0.08878175025949112, 0.0634649874499211, 0.06270731870944683]","[2.038134664297104, 1.6808457672595978, 1.3760972619056702, 1.2439704239368439, 1.100061610341072, 1.0527161061763763, 0.9499787837266922, 0.9708494022488594, 0.8728044852614403, 0.9334555193781853, 0.8949969112873077, 0.8264315873384476, 0.8883591964840889, 0.8905521631240845, 0.9430864006280899, 0.9321119636297226, 0.923132099211216, 1.007960818707943, 1.0793366506695747, 1.0561785697937012, 1.1073208302259445]",
exp4_1_dropout,3,82.0,"[2.2252449622521033, 1.8612760855601385, 1.5672220450181227, 1.3195948325670683, 1.1056954860687256, 0.8813055524459252, 0.706529227586893, 0.6083833047976861, 0.4471645332299746, 0.3641939117358281, 0.2959447354078293, 0.24961512363873994, 0.18348312435241845, 0.15430074099164742, 0.1250684095116762, 0.11158219438332778, 0.08568269931353055, 0.08214725697269806, 0.06615711490695293]","[2.081993341445923, 1.7963707447052002, 1.550992727279663, 1.2898129522800446, 1.1474041491746902, 1.0518900901079178, 1.1425768733024597, 0.9155508130788803, 0.9927511885762215, 0.9896891415119171, 0.9910709708929062, 0.9207864180207253, 1.0470948219299316, 1.0439494997262955, 1.0197930932044983, 1.1212637722492218, 1.4155640453100204, 1.3163447380065918, 1.218652755022049]",
exp4_1_dropout,4,87.0,"[2.2086859941482544, 1.857964066358713, 1.635013195184561, 1.4149603018393884, 1.1576951100276067, 0.9897142694546626, 0.7786286931771499, 0.622882407445174, 0.5352563284910642, 0.43811450325525725, 0.34311782396756685, 0.2966849230802976, 0.19748701384434333, 0.19422558695077896, 0.14260655068434203, 0.16471380797716287, 0.126004203580893, 0.10490331741479728, 0.10123041787972817, 0.07880836782547143, 0.0672264895760096, 0.07643927519138043, 0.06406842014537407, 0.04817809494068989, 0.05504838420221439]","[2.022089660167694, 1.7751275599002838, 1.5727455019950867, 1.373487651348114, 1.173806056380272, 1.0673315972089767, 0.8816680461168289, 0.8363988921046257, 0.77366703748703, 0.7029490023851395, 0.6419964283704758, 0.6535927429795265, 0.6544399708509445, 0.6386906057596207, 0.6856067031621933, 0.7606420144438744, 0.7813703790307045, 0.8216186538338661, 0.8515222817659378, 0.7716298997402191, 0.9380186572670937, 0.8969476744532585, 0.8735700771212578, 0.9366246983408928, 0.974540963768959]",
exp4_1_dropout,5,82.41206030150754,"[2.2114574175614576, 1.9379519957762499, 1.645450390302218, 1.337817439666161, 1.1654552588096032, 0.9281760454177856, 0.7809329766493577, 0.6711494189042312, 0.5591969879773947, 0.47660569044259876, 0.3687210896840462, 0.3306279113659492, 0.2667995198414876, 0.2105577989266469, 0.1556638290102665, 0.14241966089377037, 0.12299038842320442, 0.11009058814782363, 0.09353051148355007, 0.09178450187811485, 0.10004639367644604, 0.07126586726651742, 0.07540575701456803, 0.06898734217079786, 0.05640957676447355, 0.07057728073917903, 0.04942893093595138, 0.045256452778211005, 0.048712349926623016, 0.04178330732079653, 0.048529645714622274]","[2.1242313981056213, 1.873671531677246, 1.5908435881137848, 1.3061623573303223, 1.12250916659832, 1.0819102227687836, 0.8813599497079849, 0.8557852357625961, 0.7728401273488998, 0.7433614656329155, 0.6796576231718063, 0.680127814412117, 0.6562197208404541, 0.6384905874729156, 0.679602786898613, 0.7286853417754173, 0.6923695579171181, 0.7618868798017502, 0.68841203302145, 0.6329160109162331, 0.7057055979967117, 0.7242407351732254, 0.7202091217041016, 0.6996500790119171, 0.7275669351220131, 0.7808985561132431, 0.7975641563534737, 0.7628781870007515, 0.7374551668763161, 0.7673881575465202, 0.8371013551950455]",
exp4_2_dropout,1,88.5,"[2.2558831801781287, 2.1138837245794444, 2.0021941661834717, 1.8713261439250066, 1.7196814096890962, 1.6345538451121404, 1.4492966945354755, 1.3810507792692919, 1.2143569726210375, 1.2001302792475774, 1.075054718897893, 1.0117809038895826, 0.9132290803469144, 0.8268358753277705, 0.7753600478172302, 0.7259976955560538, 0.6615291788027837, 0.6408295952356778, 0.5796381601920495, 0.5201687147984138, 0.5089012201015766, 0.5043803866092975, 0.44481412722514224, 0.3912586019589351, 0.37342312932014465, 0.3375716954469681, 0.30183075024531436, 0.27535165731723493, 0.2764535936025473, 0.24712030016458952, 0.2664242810927905, 0.22269826439710763, 0.23329152625340682, 0.2112927224773627, 0.20601450709196237, 0.19735690693442637, 0.18818346697550553]","[2.219596028327942, 2.123044341802597, 1.984432876110077, 1.848537415266037, 1.7072683572769165, 1.606416791677475, 1.4447037875652313, 1.3564821779727936, 1.3377865552902222, 1.2295072823762894, 1.2014250308275223, 1.1666842103004456, 1.0122579038143158, 0.9368231445550919, 0.9470927938818932, 0.8712371736764908, 0.8426044434309006, 0.864195741713047, 0.8474379330873489, 0.807507261633873, 0.8134678602218628, 0.7534133568406105, 0.7510860562324524, 0.780508928000927, 0.7977277413010597, 0.658201314508915, 0.7560869380831718, 0.7329460084438324, 0.7590108960866928, 0.6605257540941238, 0.6187565848231316, 0.6538512855768204, 0.9463801309466362, 0.8922659084200859, 0.7920067831873894, 0.8545859456062317, 0.8458035215735435]",
exp4_2_dropout,2,80.5,"[2.2689168453216553, 2.1255098489614634, 1.9522317006037786, 1.8318966993918786, 1.6754491054094756, 1.5084904248897846, 1.4290767174500685, 1.3214260523135846, 1.2378791295565093, 1.1421687190349286, 1.0676846687610333, 0.9842648827112638, 0.9302100951854999, 0.8226982584366431, 0.7623205139086797, 0.7155764102935791, 0.6357314701263721, 0.5658338207464951, 0.5146960088839898, 0.49027456228549665, 0.44927125252210176, 0.41471972832312953, 0.40179280134347767, 0.32836830845245946, 0.3015683534053656, 0.26680432718533736, 0.3040511470574599, 0.25974344232907665]","[2.1808868050575256, 1.9558843076229095, 1.8034965991973877, 1.7089431881904602, 1.6086522936820984, 1.5090919435024261, 1.4449999928474426, 1.385286122560501, 1.3082096725702286, 1.247109293937683, 1.221642479300499, 1.1718854159116745, 1.1528653651475906, 1.1011535227298737, 1.120651662349701, 1.130039170384407, 1.0844990909099579, 1.1285212934017181, 1.0824436247348785, 1.1402064934372902, 1.1139715239405632, 1.1601760983467102, 1.1722050309181213, 1.279797613620758, 1.1573449969291687, 1.3733998909592628, 1.2672159969806671, 1.3316577225923538]",
exp4_2_dropout,3,82.5,"[2.254847838328435, 2.092641096848708, 1.9255484709372888, 1.783743638258714, 1.7118083513700044, 1.5201743932870717, 1.3896342240847075, 1.2975103580034697, 1.180111554952768, 1.1187334335767305, 0.9857000891978924, 0.9092552295097938, 0.8066731003614572, 0.7435052532416123, 0.6866662089641278, 0.6305081248283386, 0.5582517843980056, 0.49243796788729155, 0.4864197006592384, 0.4752336878042955, 0.4028371148384534, 0.394150055371798, 0.32004668850165147, 0.32960971846030307, 0.2784631745173381, 0.25805633343183076, 0.21072562497395736, 0.2031518048965014, 0.23338197687497506]","[2.162679433822632, 1.9937889277935028, 1.8421603441238403, 1.6959665715694427, 1.6162845492362976, 1.4896451532840729, 1.3487860411405563, 1.2906843721866608, 1.2452825605869293, 1.1969752311706543, 1.1008568406105042, 1.148702710866928, 1.0928265452384949, 1.011251986026764, 1.1310032606124878, 1.1824253052473068, 1.1086638271808624, 1.1826271414756775, 1.1700898185372353, 1.2106822282075882, 1.2114546298980713, 1.2354377210140228, 1.3503179401159286, 1.3443213403224945, 1.3949281573295593, 1.4889235198497772, 1.471492052078247, 1.5347444415092468, 1.6234867721796036]",
exp4_2_dropout,4,88.0,"[2.2730890604165883, 2.134161142202524, 1.9774733506716216, 1.7923560784413264, 1.6393015109575713, 1.5162551678144014, 1.3724757249538715, 1.247223987029149, 1.1761214320476239, 1.112637657385606, 1.0133983217752898, 0.929321444951571, 0.9146968951592078, 0.792549743102147, 0.7430903453093308, 0.6635868732745831, 0.6162677544813889, 0.5625124573707581, 0.568932097691756, 0.5217197285248683, 0.45395323634147644, 0.39736611109513503, 0.4275282025337219, 0.3311964044204125, 0.33448202908039093, 0.3118488502043944, 0.30550418908779436, 0.2982330173254013, 0.27357996656344485, 0.26982616690488964]","[2.2310465574264526, 2.00421679019928, 1.7704244554042816, 1.5809133350849152, 1.4404818415641785, 1.3459162265062332, 1.265660047531128, 1.1848327666521072, 1.13714799284935, 1.0572286248207092, 1.0670139789581299, 1.0169297009706497, 0.9041522890329361, 0.9494712874293327, 0.8716879412531853, 0.8300660029053688, 0.8190842941403389, 0.7916923835873604, 0.7728940099477768, 0.7782584503293037, 0.7845437005162239, 0.8261021114885807, 0.8193228915333748, 0.8882534950971603, 0.8323363922536373, 0.9037782736122608, 0.9134565591812134, 0.907245110720396, 0.806179367005825, 0.84421806037426]",
exp4_2_dropout,5,82.41206030150754,"[2.2701064439920278, 2.161253103843102, 2.0463587504166822, 1.9411560663810143, 1.7942167520523071, 1.6527047799183772, 1.5507806356136615, 1.462205565892733, 1.3259128515536969, 1.2440531162115245, 1.1236382677004888, 1.0340990882653456, 0.903587098305042, 0.7696542969116797, 0.7232970457810622, 0.6267969631231748, 0.5858487395139841, 0.5450239708790412, 0.5526061218518478, 0.45094239482512843, 0.4169464638599983, 0.36556596137010133, 0.3715575601045902, 0.31514748013936555, 0.3019858873807467, 0.2982481809762808, 0.25145324720786166, 0.2751452590410526, 0.259490681382326, 0.2697136585529034, 0.25443258766944593, 0.19400321061794573, 0.18459229171276093, 0.1773801027582242, 0.15816438713899025, 0.14978536504965562, 0.12763238039154273, 0.1396219661602607, 0.14979570588240257, 0.1396692954003811, 0.15556372902714288, 0.11155725098573245]","[2.222411274909973, 2.115450143814087, 1.9948659241199493, 1.8647521138191223, 1.7392069399356842, 1.6042652428150177, 1.5085826516151428, 1.4343600869178772, 1.3162696659564972, 1.2442992180585861, 1.174843430519104, 1.0447814911603928, 1.010718286037445, 0.91825070977211, 0.9261570870876312, 0.8472278267145157, 0.8053587079048157, 0.7739301025867462, 0.7908881157636642, 0.7827599793672562, 0.7162712067365646, 0.734452873468399, 0.728155717253685, 0.7643363326787949, 0.7265414446592331, 0.7122563868761063, 0.6628579348325729, 0.6963079422712326, 0.7245478928089142, 0.677849568426609, 0.6422176957130432, 0.7474469318985939, 0.6849092543125153, 0.6124491170048714, 0.6138389371335506, 0.637710940092802, 0.648708388209343, 0.6348956506699324, 0.6519382949918509, 0.6500672772526741, 0.6928444132208824, 0.7633654475212097]",
exp4_3_dropout,1,86.5,"[2.281751797749446, 2.22641266309298, 2.1463349232306848, 2.051267623901367, 1.991062696163471, 1.8732237815856934, 1.8621723009989812, 1.766444206237793, 1.7208558504398053, 1.6487063261178823, 1.6085730332594652, 1.501797685256371, 1.4579991102218628, 1.3908759080446684, 1.3407839720065777, 1.3007206137363727, 1.2163525452980628, 1.232341156556056, 1.1714651859723604, 1.0852084755897522, 1.059368174809676, 0.9836896474544818, 0.9874872015072749, 0.9150709922497089, 0.9020987840799185, 0.8844128067676837, 0.7744717460412246, 0.7421859823740445, 0.7404977954350985, 0.6645073913610898, 0.6724135325505183, 0.5941376502697284, 0.6150415333417746, 0.5844547473467313, 0.5810285806655884, 0.5148608661614932, 0.49839016795158386, 0.5024399780310117, 0.44353019961943996, 0.4547546299604269, 0.45675891408553493, 0.44328964902804446, 0.47119226363989025, 0.42174779451810396, 0.3546478519072899, 0.3864670006128458, 0.3600432907159512, 0.36759882133740646, 0.3829563179841408, 0.3277090730575415]","[2.2615460753440857, 2.1872194409370422, 2.091768831014633, 2.0006156265735626, 1.9323180317878723, 1.8625672459602356, 1.8126405775547028, 1.7477280795574188, 1.6774155497550964, 1.6189450025558472, 1.5522233247756958, 1.4680816531181335, 1.408931091427803, 1.372735857963562, 1.3343126326799393, 1.323933184146881, 1.2772379517555237, 1.2212737053632736, 1.179202914237976, 1.1460232809185982, 1.13522607088089, 1.1078760027885437, 1.1285591125488281, 1.0354018732905388, 1.0225132405757904, 1.0453207343816757, 0.9981884136795998, 0.9398846924304962, 0.882301814854145, 0.794465996325016, 0.7903918549418449, 0.8850504457950592, 0.8349913135170937, 0.9290900006890297, 0.8555411025881767, 0.7543402165174484, 0.7218610569834709, 0.7480216473340988, 0.7642024084925652, 0.91676364839077, 0.8152743428945541, 0.7490598261356354, 0.7557377815246582, 0.8049682229757309, 0.6503224894404411, 0.8071011230349541, 0.9032990634441376, 0.8519439622759819, 0.7749551609158516, 0.7718424871563911]",
exp4_3_dropout,2,82.5,"[2.295533198576707, 2.251196366090041, 2.17302052791302, 2.0514450073242188, 1.9764243272634654, 1.8851548066506019, 1.8020932307610145, 1.7433914037851186, 1.6657731808148897, 1.598176305110638, 1.4636072378892164, 1.411480344258822, 1.4096675194226778, 1.317131024140578, 1.242587502186115, 1.2094205205257123, 1.1613152944124663, 1.1214729730899518, 1.0598473640588613, 1.0050280415094817, 0.9591427399561956, 0.9047238459953895, 0.9148958921432495, 0.7808454632759094, 0.788516145486098, 0.683100707255877, 0.6822715539198655, 0.7153391104478103, 0.6093352482869074, 0.6505718643848712, 0.5541554230910081, 0.5947950940865737, 0.5197034615736741, 0.5385290751090417, 0.5554301555340106, 0.4884743048594548, 0.4195434588652391, 0.40613136841700626, 0.3970616895418901, 0.3844450437105619, 0.37947032772577727, 0.3534939300555449, 0.3723476632283284, 0.3289988717207542, 0.3211142627092508]","[2.284758687019348, 2.2093666791915894, 2.091698259115219, 1.945581078529358, 1.8540420532226562, 1.7655887603759766, 1.6751709282398224, 1.6133195757865906, 1.5356980562210083, 1.4751099050045013, 1.4053339809179306, 1.381261482834816, 1.3064144551753998, 1.253212258219719, 1.2383880913257599, 1.2028468996286392, 1.1847294121980667, 1.1911775171756744, 1.2055622935295105, 1.1719343662261963, 1.1237967908382416, 1.188523769378662, 1.1783170253038406, 1.126858413219452, 1.101642832159996, 1.1044726967811584, 1.0675687938928604, 1.1069865375757217, 1.0933422446250916, 1.0595780238509178, 1.1082213446497917, 1.0294015929102898, 0.995532713830471, 1.0968538373708725, 1.103269100189209, 1.0637019276618958, 1.1132753416895866, 1.1010529771447182, 1.113375537097454, 1.1448305547237396, 1.156427524983883, 1.1711361706256866, 1.2403020188212395, 1.2416614815592766, 1.1812632754445076]",
exp4_3_dropout,3,80.0,"[2.2714875661409817, 2.193118407176091, 2.1422503544734073, 2.038750171661377, 1.9562532259867742, 1.8332091936698327, 1.744387800876911, 1.675198426613441, 1.6045452081240141, 1.5157454105523915, 1.4431718037678645, 1.361445243542011, 1.3276584240106435, 1.2710232184483454, 1.1830113851107085, 1.120610888187702, 1.0772569133685186, 1.0501175293555627, 1.0318744274286122, 0.949107825756073, 0.8879134792547959, 0.8234751041118915, 0.8072696465712327, 0.7566348589383639, 0.709604377929981, 0.7590636610984802, 0.6845788222092849, 0.6496391502710489, 0.6307472082284781, 0.6019006990469419, 0.5771654958908374, 0.5358213140414312, 0.5589499656970685, 0.5015924664644095, 0.49749839993623585, 0.5341003193305089, 0.4838452201623183]","[2.243586242198944, 2.1259829103946686, 2.0004173517227173, 1.9209542870521545, 1.8432803452014923, 1.7540482878684998, 1.6940005719661713, 1.6174250543117523, 1.557618886232376, 1.5182413309812546, 1.4679311513900757, 1.4197423160076141, 1.3814730644226074, 1.3520114570856094, 1.3219120353460312, 1.2614458948373795, 1.2461153715848923, 1.2367313653230667, 1.1912702023983002, 1.247270867228508, 1.2245258837938309, 1.1482986807823181, 1.1749324649572372, 1.1791013479232788, 1.1844964921474457, 1.2024768143892288, 1.1751022189855576, 1.0542770028114319, 1.1252174377441406, 1.1435914039611816, 1.1323483139276505, 1.3150928765535355, 1.22197724878788, 1.1111691743135452, 1.1004921197891235, 1.127962440252304, 1.1639144122600555]",
exp4_3_dropout,4,88.0,"[2.2916966401613674, 2.2280758711007924, 2.162357055223905, 2.1152852957065287, 2.0258864714549136, 1.9698993426102858, 1.8720007492945745, 1.7876051572652965, 1.7361530432334313, 1.6043289257929876, 1.5433686513167162, 1.4326350322136512, 1.3795519241919885, 1.3607994409707875, 1.3144502272972693, 1.2281140730931208, 1.179924332178556, 1.1291444897651672, 1.085169296998244, 1.0086466945134676, 1.1060333389502306, 0.9836149353247422, 0.9337457831089313, 0.8737017374772292, 0.8358442645806533, 0.8451321400128878, 0.8470231386331412, 0.7553867743565486, 0.7690890523103567, 0.7084777767841632, 0.6477152728117429, 0.6393955258222727, 0.6700659165015588, 0.6043994151628934, 0.5779298566854917, 0.4910030181591327, 0.5366850770436801, 0.4694333259875958, 0.5269381633171668]","[2.224303901195526, 2.16079980134964, 2.085933357477188, 2.002394914627075, 1.9007660746574402, 1.8181264996528625, 1.7331983745098114, 1.6689888536930084, 1.592174917459488, 1.503499910235405, 1.4143530875444412, 1.3521714806556702, 1.3124741613864899, 1.2744323164224625, 1.2231066226959229, 1.1491791754961014, 1.1372033208608627, 1.0964831709861755, 1.0657561719417572, 1.0514138042926788, 1.0023877769708633, 0.9713671803474426, 0.9912757128477097, 0.9530555456876755, 0.8878655135631561, 0.9511053115129471, 0.8790857791900635, 0.83303003013134, 0.8234297633171082, 0.8274436444044113, 0.790742889046669, 0.7990062385797501, 0.8081188648939133, 0.8167802691459656, 0.8472690284252167, 0.786262035369873, 0.7958171889185905, 0.7851257771253586, 0.740189865231514]",
exp4_3_dropout,5,81.90954773869346,"[2.279250988593468, 2.1900241191570577, 2.1449031279637265, 2.0402019757490892, 1.9697069846666777, 1.8786604037651649, 1.801348401949956, 1.7293035984039307, 1.6071344522329478, 1.5383196610670824, 1.5010988620611339, 1.367538259579585, 1.3375665224515474, 1.2217862972846398, 1.201876048858349, 1.149310602591588, 1.1421006000958955, 1.080458673147055, 1.0403721515948956, 0.985786836880904, 0.8589048935816839, 0.9246994027724633, 0.8803363809218774, 0.7879309149888846, 0.782407249395664, 0.7297388131801898, 0.6920345104657687, 0.6243959458974692, 0.668831664782304, 0.6072133023005265, 0.6045665282469529, 0.5300630927085876, 0.5714380122148074, 0.538848313001486, 0.46421481095827544, 0.45325369789050174, 0.43183847115590024, 0.4842693049174089, 0.40750565551794493, 0.38611867794623744, 0.3902899015408296, 0.41057566610666424, 0.3652723351350197, 0.36262030326403105, 0.3606499364742866, 0.3178258767494789, 0.35331225853699905, 0.3626089451404718]","[2.218031406402588, 2.121950626373291, 2.047280192375183, 1.9723587334156036, 1.8906198143959045, 1.7880240678787231, 1.6906279623508453, 1.5883281826972961, 1.501772627234459, 1.4172755777835846, 1.3595117330551147, 1.3300879150629044, 1.3123561590909958, 1.271811917424202, 1.1848955154418945, 1.1373603492975235, 1.0977030545473099, 1.072622373700142, 1.0460980832576752, 1.00600366294384, 0.9828077703714371, 0.9457782506942749, 0.929750382900238, 0.9104197025299072, 0.8736958354711533, 0.8250839412212372, 0.8050803393125534, 0.7967927604913712, 0.7791526913642883, 0.7603739500045776, 0.7230590730905533, 0.6952051669359207, 0.7081301957368851, 0.7356988489627838, 0.6955645233392715, 0.681470699608326, 0.6636141538619995, 0.683303065598011, 0.6816001236438751, 0.6893756911158562, 0.6500752940773964, 0.6270945146679878, 0.6185279525816441, 0.6531394347548485, 0.6555792354047298, 0.6838327571749687, 0.6789415553212166, 0.6470614783465862]",
exp5_1_dropout,1,86.0,"[2.174440099642827, 1.847278695840102, 1.6109607678193312, 1.4690125355353723, 1.3319205687596247, 1.1937487171246455, 1.0519645305780263, 0.9419804811477661, 0.8108545404214126, 0.7176636228194604, 0.6590359348517197, 0.598544927743765, 0.5151717708661006, 0.45727630991202134, 0.40549986179058367, 0.3891423780184526, 0.35173874634962815, 0.28729660235918486, 0.28255237409701717, 0.25005315014949214, 0.24395935237407684, 0.20145881175994873, 0.16093551367521286, 0.13883191261153954, 0.13705959686866173, 0.13022464055281419, 0.12741647488795793, 0.09936450880307418, 0.10991478940615287, 0.09328569930333358, 0.09588716007195987, 0.09278743971998875]","[1.9942383170127869, 1.7280267775058746, 1.585620254278183, 1.4771399796009064, 1.3569935858249664, 1.2559335082769394, 1.1521511226892471, 1.0662205815315247, 0.978215754032135, 0.9052205234766006, 0.845822162926197, 0.7705503702163696, 0.7988788932561874, 0.7215123102068901, 0.7688566446304321, 0.7218802124261856, 0.6929408311843872, 0.7251367643475533, 0.6881452426314354, 0.7503515481948853, 0.646746389567852, 0.6210821941494942, 0.6578629314899445, 0.704196535050869, 0.736617773771286, 0.7299888581037521, 0.720341257750988, 0.7117990031838417, 0.6461036056280136, 0.6532300338149071, 0.6776090413331985, 0.7153234705328941]",
exp5_1_dropout,2,83.0,"[2.1758859157562256, 1.8657011985778809, 1.6355936527252197, 1.4284896850585938, 1.2418937866504376, 1.139795693067404, 0.9942583533433768, 0.9190251001944909, 0.8051446584554819, 0.7359198606931247, 0.6647432515254388, 0.5911359649438125, 0.5162838789132925, 0.45870024882830107, 0.3977869130097903, 0.3773087652829977, 0.315777084002128, 0.3277067095041275, 0.25127035264785474, 0.24095595341462356, 0.23423328078710115, 0.21650924934790686, 0.19039778067515448, 0.182317852973938, 0.15558626789313096]","[2.045776277780533, 1.7938783764839172, 1.5520304441452026, 1.3997246623039246, 1.2460084408521652, 1.1325426995754242, 1.0215669721364975, 1.0011770129203796, 0.9619540348649025, 0.9311863407492638, 0.8356688767671585, 0.8268716633319855, 0.7763305380940437, 0.7922739014029503, 0.7976386100053787, 0.8344855979084969, 0.8215155526995659, 0.810273714363575, 0.7548464462161064, 0.7557721510529518, 0.7744583785533905, 0.7319089844822884, 0.7635391503572464, 0.8049322292208672, 0.8020615950226784]",
exp5_1_dropout,3,85.5,"[2.1774739577220035, 1.9495054208315337, 1.7188330797048716, 1.4449181465002208, 1.2370063158181996, 1.1504872487141535, 1.051034615590022, 0.9009660115608802, 0.8329704037079444, 0.698480684023637, 0.648994097342858, 0.597707211971283, 0.5123920646997598, 0.4838240032012646, 0.4495205053916344, 0.3848219880690941, 0.3467848702118947, 0.30512670141000015, 0.29767548120938814, 0.25553705256718856, 0.2587736088495988, 0.1927370807299247, 0.18329377758961457, 0.18240766341869646, 0.16293132992891166, 0.15447256857386002, 0.15073529401650795, 0.14255502304205528, 0.13450173976329657, 0.10816400956649047, 0.11512382443134601, 0.0984103072148103]","[2.018387109041214, 1.7922412753105164, 1.57236710190773, 1.4126150608062744, 1.3120552152395248, 1.207412227988243, 1.1821839660406113, 1.1312542110681534, 1.0913932174444199, 1.0423059612512589, 1.0112458914518356, 1.0218632817268372, 1.0900684148073196, 0.9949575215578079, 0.9687582850456238, 0.9272840321063995, 0.9193533062934875, 0.9477737843990326, 0.9719517827033997, 0.998130589723587, 1.0040793269872665, 1.0975767076015472, 1.1270554959774017, 1.0343602150678635, 0.9788136184215546, 1.060095027089119, 1.1103503853082657, 1.0797261893749237, 1.0277207493782043, 1.0765663981437683, 1.079406350851059, 1.1346118450164795]",
exp5_1_dropout,4,86.5,"[2.170305985670823, 1.850944289794335, 1.6201691260704627, 1.413680388377263, 1.2523062871052668, 1.0938231028043306, 0.9535250480358417, 0.94960683125716, 0.8447714172876798, 0.7427248129477868, 0.6856358693196223, 0.5900767147541046, 0.5307061282488016, 0.5312727024922004, 0.4867137830991011, 0.3724943261880141, 0.3433688684151723, 0.38281863698592555, 0.33925871551036835, 0.2780877111049799, 0.23498803147902855, 0.243016405747487, 0.20160272087042147, 0.19408790136759096, 0.20566217257426336, 0.16064742264839318, 0.16663463757588312, 0.1504323551288018, 0.12041800010662812, 0.1242552835207719]","[1.9360691010951996, 1.6151656210422516, 1.3753375858068466, 1.1813392341136932, 1.0436329543590546, 0.9515082240104675, 0.8798144906759262, 0.79906365275383, 0.8237212896347046, 0.7517034783959389, 0.6922507211565971, 0.6676416620612144, 0.6539590656757355, 0.6039443388581276, 0.6158250421285629, 0.5652515441179276, 0.5477490574121475, 0.616669237613678, 0.5784062743186951, 0.6175244078040123, 0.6007487177848816, 0.6420384868979454, 0.6748565807938576, 0.6365308091044426, 0.6660667285323143, 0.6715224087238312, 0.6328362375497818, 0.6759322285652161, 0.7238991782069206, 0.7514884620904922]",
exp5_1_dropout,5,81.90954773869346,"[2.162169804939857, 1.831103434929481, 1.5176851566021259, 1.3339983591666589, 1.162756282549638, 1.009578498510214, 0.8666078952642587, 0.800738527224614, 0.7028219745709345, 0.6209245301209964, 0.5541489903743451, 0.449437127663539, 0.3991022499708029, 0.384088763823876, 0.3694379444305713, 0.3000976259891803, 0.26657093029755813, 0.26103499875618863, 0.2256590030514277, 0.22772508974258715, 0.17200656808339632, 0.1721720093717942, 0.16791126361260048, 0.18298406669726738]","[1.9295569956302643, 1.6366487741470337, 1.4101071655750275, 1.274031087756157, 1.1474987715482712, 1.0775932371616364, 0.9815430194139481, 0.9127753525972366, 0.8517930954694748, 0.790222242474556, 0.712893158197403, 0.6738625019788742, 0.623294360935688, 0.6389330625534058, 0.6334882080554962, 0.6242057606577873, 0.5855605974793434, 0.5955774262547493, 0.5994153693318367, 0.6062169447541237, 0.6391447708010674, 0.5820199027657509, 0.5642358064651489, 0.59758510440588]",
exp5_2_dropout,1,87.0,"[2.2390233186575084, 2.0025995602974525, 1.774794028355525, 1.5607820474184477, 1.321390803043659, 1.2127929742519672, 1.0776546276532686, 0.9119931642825787, 0.7975304310138409, 0.7189184243862445, 0.5929349271150736, 0.5778935345319601, 0.46505749684113723, 0.3963289215014531, 0.32197107489292437, 0.3326817498757289, 0.2601262984367517, 0.2065086169884755, 0.1904721770149011, 0.1529774826306563, 0.17701825900719717, 0.16201382531569555, 0.09899714560462879, 0.10851150693801734, 0.0992772811307357, 0.07565533226499191, 0.0811982023028227]","[2.0902358293533325, 1.8517417907714844, 1.6539722084999084, 1.4819495677947998, 1.2954429686069489, 1.281634882092476, 1.0961449295282364, 1.1335359513759613, 0.9891540557146072, 0.9292223304510117, 0.8030708432197571, 0.7537307515740395, 0.7389770075678825, 0.6971886157989502, 0.6861761063337326, 0.7694607377052307, 0.6323504075407982, 0.6346027180552483, 0.6491144001483917, 0.586328811943531, 0.6188360378146172, 0.6775936111807823, 0.6089931577444077, 0.6431494653224945, 0.6876998767256737, 0.7334741428494453, 0.6260304972529411]",
exp5_2_dropout,2,83.5,"[2.2447159473712626, 1.9673059903658354, 1.7397013902664185, 1.4944237012129564, 1.3250200840143056, 1.2017647669865534, 1.0545477592028105, 0.9023644603215731, 0.8135979221417353, 0.694103506895212, 0.6276556574381315, 0.5436848379098452, 0.4724793250744159, 0.4344073591323999, 0.34088890369121844, 0.3302815075104053, 0.2967187762260437, 0.259541392326355, 0.23216915703736818, 0.22004194614978936, 0.1961291736135116, 0.1660550213777102, 0.14593480584713128, 0.17068137629674032, 0.147046010941267, 0.10810547465315232, 0.1931757411131492, 0.12439237277095135, 0.10359430972200173, 0.10381182147046694]","[2.1087188124656677, 1.818657547235489, 1.6628615856170654, 1.4951362013816833, 1.3600068241357803, 1.2538523077964783, 1.153674691915512, 1.1149884015321732, 1.0678686127066612, 0.9842714965343475, 0.9156508669257164, 0.961447075009346, 0.9664171040058136, 0.9843733683228493, 0.9856270998716354, 1.0197518095374107, 1.1148127168416977, 1.089153215289116, 1.0610305294394493, 1.1930731236934662, 1.1094352006912231, 1.1553094163537025, 1.2431101128458977, 1.3753016740083694, 1.2991831675171852, 1.3426830098032951, 1.5249745026230812, 1.3050666227936745, 1.4063526168465614, 1.5138240829110146]",
exp5_2_dropout,3,80.5,"[2.2229077449211707, 1.968837490448585, 1.7109202788426325, 1.5156406530967126, 1.3186212686391978, 1.1180148537342365, 1.0049018263816833, 0.9272791055532602, 0.8091123241644639, 0.6989412812086252, 0.6264794927376968, 0.4903023128326123, 0.4704921337274405, 0.39791633303348833, 0.35170266261467564, 0.29058507772592396, 0.24252372235059738, 0.23347146866413263, 0.2027594378361335, 0.18114265742210242, 0.17442408834512418, 0.14293311937497213, 0.12451315900454155, 0.13729391762843499, 0.10030367254064633, 0.11091229204948132]","[2.1295643150806427, 1.9310969412326813, 1.6667948961257935, 1.5336579084396362, 1.4028856009244919, 1.2675274759531021, 1.1528387665748596, 1.1379265785217285, 1.0774132907390594, 1.0926500782370567, 1.041444331407547, 1.1350860372185707, 1.1783877313137054, 1.156121365725994, 1.1960222572088242, 1.2770103514194489, 1.3698696494102478, 1.3879700303077698, 1.3944792449474335, 1.5892520099878311, 1.6058902591466904, 1.5825263559818268, 1.4854305684566498, 1.4543761163949966, 1.6641793251037598, 1.726748749613762]",
exp5_2_dropout,4,85.5,"[2.2610080608954797, 2.0089326730141273, 1.7345630113895123, 1.5393081720058734, 1.4092934590119581, 1.2330649816072905, 1.0697262103740985, 0.9735681277055007, 0.8361893525490394, 0.7054996971900647, 0.6247108578681946, 0.5672637270047114, 0.5311901317192957, 0.4469742110142341, 0.4170982287480281, 0.3483853592322423, 0.29276076646951527, 0.3036707570919624, 0.20773596259263846, 0.19754793896124914, 0.191184357381784, 0.15243301196740225, 0.1427700582605142]","[2.126362383365631, 1.8257003724575043, 1.5747619271278381, 1.4175226241350174, 1.3030455708503723, 1.1661828011274338, 1.0505753010511398, 0.9782117456197739, 0.9102847874164581, 0.8625916913151741, 0.7898896336555481, 0.7242739275097847, 0.6406239122152328, 0.7335800006985664, 0.709964394569397, 0.679416611790657, 0.6936594322323799, 0.6937860324978828, 0.6380204036831856, 0.6989018470048904, 0.6978139579296112, 0.6641139760613441, 0.6867259293794632]",
exp5_2_dropout,5,81.4070351758794,"[2.2492504670069766, 2.015038692034208, 1.7560726495889516, 1.4693220395308275, 1.270039411691519, 1.1090572705635657, 0.954068491092095, 0.834902836726262, 0.7301953251545246, 0.6486519620968745, 0.5918316795275762, 0.450534483561149, 0.43217171613986677, 0.3506069607459582, 0.329004725584617, 0.29177738153017485, 0.28278311628561753, 0.21842821630147788, 0.19719258695840836, 0.17685383472305077, 0.16411169331807357, 0.12947154560914406, 0.1435384340584278, 0.12482481478498532, 0.10681503552656907, 0.11621154242983231, 0.0816791384265973, 0.08680510234374267]","[2.147300958633423, 1.9176399111747742, 1.665886551141739, 1.4313827455043793, 1.2353209406137466, 1.124877855181694, 1.0323472768068314, 0.9605412036180496, 0.901694193482399, 0.8676509261131287, 0.833527609705925, 0.8275690078735352, 0.8076150119304657, 0.823960542678833, 0.7622505724430084, 0.707483321428299, 0.7527828961610794, 0.7690070122480392, 0.838188111782074, 0.8550560921430588, 0.7872120589017868, 0.7779452204704285, 0.819446936249733, 0.8346902132034302, 0.8352150768041611, 0.8831381499767303, 0.8606138005852699, 0.8442521691322327]",
exp5_3_dropout,1,86.0,"[2.2713947662940392, 2.1300705946408787, 2.0107156129983754, 1.9153222487523005, 1.7674564031454234, 1.723671528009268, 1.5630789628395667, 1.5726381540298462, 1.4648298116830678, 1.3852536219816942, 1.3199261610324566, 1.3042613084499652, 1.210844663473276, 1.1811313445751483, 1.0963683265906115, 1.032827996290647, 1.0236187393848712, 0.952867906827193, 0.8818484865702115, 0.8984671785281255, 0.7778168045557462, 0.7983545477573688, 0.7508038374093863, 0.7014958033194909, 0.6881534113333776, 0.7015624367273771, 0.6003718811732072, 0.6099547629172986, 0.5942034469201014, 0.6037200460067162, 0.5616488479650937, 0.553281708405568, 0.5131205870554998, 0.5115362566251022, 0.44878936272401077]","[2.19834041595459, 2.038318008184433, 1.9415022134780884, 1.849694550037384, 1.7470998466014862, 1.6769548654556274, 1.5963672697544098, 1.5593297183513641, 1.4705944806337357, 1.3762805461883545, 1.341368481516838, 1.2612516433000565, 1.234481692314148, 1.1845617592334747, 1.094566524028778, 1.0450585782527924, 1.058756247162819, 0.9681049287319183, 0.9175683781504631, 0.9392310678958893, 0.9151536971330643, 0.8396481424570084, 0.8576696589589119, 0.8267999067902565, 0.8047748282551765, 0.8323269933462143, 0.8004138842225075, 0.7771037817001343, 0.774210587143898, 0.8077842369675636, 0.827407032251358, 0.7310228124260902, 0.7445101141929626, 0.7468238845467567, 0.7453542128205299]",
exp5_3_dropout,2,82.0,"[2.2608966643993673, 2.0860985700900736, 1.9748113063665538, 1.9275857026760395, 1.7934680260144746, 1.7033256750840406, 1.6285768380531898, 1.5236748181856596, 1.4374329768694365, 1.3570968279471765, 1.2570254069108229, 1.223623174887437, 1.1636529427308302, 1.1406315244161165, 1.0541285368112416, 0.9850095968980056, 0.9767601719269385, 0.9082652972294734, 0.8539805320593027, 0.7887457288228549, 0.8713563909897437, 0.7316943040260901, 0.679681236927326, 0.6795488137465256, 0.6585731139549842, 0.6588032383185166, 0.6136836272019607, 0.5840599078398484, 0.5422494067595556, 0.5383163621792426, 0.49011057156782883, 0.4735485636270963, 0.4608033116047199, 0.44419636405431306, 0.4587000631369077, 0.4218297623671018]","[2.1408697962760925, 1.981671303510666, 1.8642199039459229, 1.7741807103157043, 1.6641213297843933, 1.5455710887908936, 1.4790762811899185, 1.4204355627298355, 1.3499705493450165, 1.2713616341352463, 1.1979455798864365, 1.1640878468751907, 1.1258876770734787, 1.0708066374063492, 1.0409438014030457, 1.0422796308994293, 1.028192862868309, 1.0134308338165283, 0.976850152015686, 1.0075402855873108, 1.0000152885913849, 1.0429421663284302, 1.0267168506979942, 0.9993796423077583, 0.9761748686432838, 0.9799591302871704, 0.9881581589579582, 0.9738547429442406, 0.9473118782043457, 0.9436613172292709, 0.9523534253239632, 1.0048974677920341, 0.9857675358653069, 1.0344084650278091, 1.0420860201120377, 1.0352677777409554]",
exp5_3_dropout,3,83.0,"[2.236972552079421, 2.0734849251233616, 1.9612916157795832, 1.8663113025518565, 1.705055365195641, 1.6905997074567354, 1.5504440252597516, 1.5351328116196852, 1.4164127569932203, 1.3253761621621938, 1.3035359520178575, 1.2063455077318044, 1.1767741533426137, 1.104211857685676, 1.0581980485182543, 0.9869831983859723, 0.9816173269198492, 0.9197085499763489, 0.9142815333146316, 0.8088420537801889, 0.7804358693269583, 0.7482049327630264, 0.7428360810646644, 0.6538942226996789, 0.6725279138638423, 0.6688768359330984, 0.6426961376116826, 0.6294993208004878, 0.5793948609095353, 0.5563569435706506, 0.5413279968958634, 0.5413632622131934, 0.5256360883896167, 0.5151487955680261, 0.4957010746002197, 0.4596605851100041, 0.4510471247709714, 0.41403470131067127, 0.396128223492549, 0.3558259285413302, 0.36838178221996015, 0.41568763439471906, 0.3600809940925011, 0.36553046336540806]","[2.1346910893917084, 1.9458540380001068, 1.8201598525047302, 1.7308463156223297, 1.649554431438446, 1.5648945271968842, 1.5034121870994568, 1.434514045715332, 1.3727483749389648, 1.2923918813467026, 1.280297428369522, 1.228857547044754, 1.1709137856960297, 1.1253649294376373, 1.1261602640151978, 1.1055053770542145, 1.0903062224388123, 1.059381142258644, 1.0373597890138626, 1.036165028810501, 1.0420736372470856, 1.034527376294136, 1.0313961058855057, 1.0721188187599182, 1.062009021639824, 1.0636045336723328, 1.0128019899129868, 0.9977721869945526, 1.0431536212563515, 1.021832674741745, 1.0326625406742096, 1.038736954331398, 1.0180177688598633, 1.004406601190567, 0.9485097229480743, 0.9697620421648026, 1.006130188703537, 1.0174613147974014, 1.0168213099241257, 1.027759075164795, 1.034230351448059, 1.0660869181156158, 1.0498517900705338, 1.063036471605301]",
exp5_3_dropout,4,86.5,"[2.211230057936448, 2.06743154158959, 1.941088291314932, 1.845458800976093, 1.7761459258886485, 1.7174614301094642, 1.6066341216747577, 1.5632770428290734, 1.547695123232328, 1.436154108781081, 1.3976853627424974, 1.3137653882686908, 1.2786629108282237, 1.2102763882050147, 1.139507573384505, 1.1361195536760182, 1.072591992524954, 1.0804653396973243, 0.9322691697340745, 0.9359277211702787, 0.9462693929672241, 0.869886421240293, 0.8425460182703458, 0.8159877153543326, 0.7631073960891137, 0.6987867676294767, 0.6908002312366779, 0.6423260798821082, 0.6447093211687528, 0.6756415344201602, 0.5945528218379388, 0.5684505150868342, 0.564472095324443, 0.5224895316820878, 0.488790200306819, 0.5133123031029334, 0.5030446694447444, 0.4713536397768901]","[2.128244161605835, 1.963207483291626, 1.8456675112247467, 1.750272661447525, 1.6508848071098328, 1.5677200555801392, 1.49057075381279, 1.4183188378810883, 1.3550304025411606, 1.2910135239362717, 1.2561268657445908, 1.2027145773172379, 1.1614129841327667, 1.1347378343343735, 1.1002666056156158, 1.078392207622528, 1.0540010333061218, 1.0011966824531555, 0.9714675098657608, 0.9213549196720123, 0.9104678928852081, 0.9096650779247284, 0.8688879832625389, 0.8245034441351891, 0.826923243701458, 0.8059279248118401, 0.7939842492341995, 0.7623389437794685, 0.8241442963480949, 0.7918366119265556, 0.7582795023918152, 0.7887467294931412, 0.7949111759662628, 0.7874334827065468, 0.7779929339885712, 0.7450617998838425, 0.7568830475211143, 0.7242329120635986]",
exp5_3_dropout,5,83.41708542713567,"[2.2503779301276574, 2.083043877895062, 1.9499625334372888, 1.8478842606911292, 1.7352722608126128, 1.6561360084093535, 1.6364739216290987, 1.554176587324876, 1.4133190375107985, 1.315837025642395, 1.279851326575646, 1.2059027415055494, 1.220913318487314, 1.1681151344225957, 1.0497908821472755, 0.9961062669754028, 0.9772591820129981, 0.9384574202390817, 0.8746853562501761, 0.8325691681641799, 0.8098477996312655, 0.7558358495052044, 0.735523909330368, 0.6894611830894763, 0.6833628416061401, 0.6918087601661682, 0.6509502621797415, 0.6305916836628547, 0.5630416938891778, 0.5449066391358008, 0.4929291560099675, 0.5032464540921725, 0.520033544072738, 0.4839599682734563, 0.5154232657872714, 0.44119149446487427, 0.43254892184184146, 0.39248399436473846, 0.3607939390035776, 0.36153902342686284, 0.41366257117344785]","[2.143045276403427, 2.0070452988147736, 1.9026190340518951, 1.7894935607910156, 1.6921198070049286, 1.6094120740890503, 1.528165727853775, 1.472410500049591, 1.4053696990013123, 1.3535739481449127, 1.2950648963451385, 1.2360591888427734, 1.1756308823823929, 1.1199376583099365, 1.0672632604837418, 1.0428005009889603, 1.0011747181415558, 0.971425250172615, 0.9391365647315979, 0.8870920240879059, 0.833893284201622, 0.7864208221435547, 0.7646177113056183, 0.7605963200330734, 0.7834103852510452, 0.7303583323955536, 0.7128553837537766, 0.7116021662950516, 0.6965409815311432, 0.6657789796590805, 0.6370009928941727, 0.62603460252285, 0.6153878569602966, 0.638136237859726, 0.6116838604211807, 0.5930461212992668, 0.582478903234005, 0.5984634384512901, 0.6284124702215195, 0.59396942704916, 0.566197045147419]",
exp5_4_dropout,1,86.0,"[2.287386178970337, 2.2141120800605187, 2.117839373075045, 2.0428706132448635, 1.9739687075981727, 1.9052071296251738, 1.853479110277616, 1.7644180609629705, 1.7000005153509288, 1.6716028176821196, 1.5656311787091768, 1.5180678642713106, 1.50189575782189, 1.4396271063731267, 1.354518670302171, 1.241283343388484, 1.213113023684575, 1.207823423238901, 1.0685115731679475, 1.0770284533500671, 1.0032677008555486, 0.9376660126906174, 0.9335469832787147, 0.887941456758059, 0.8221121109448947, 0.7932720459424533, 0.7200618111170255, 0.7254964250784653, 0.6703534905727093, 0.6180608043303857, 0.6330288258882669, 0.5944375923046699, 0.6004314399682559, 0.5107569740368769, 0.5314235778955313, 0.47058898439774144, 0.4722558099489946, 0.48566503937427813, 0.48331449582026553, 0.4261999588746291, 0.3674562951693168, 0.3592572533167325, 0.39095425261900973, 0.39192355366853565, 0.34363111509726596, 0.320308478978964, 0.352677658200264, 0.35176265698212844, 0.32250135907760036, 0.29927005905371445]","[2.237208127975464, 2.149464577436447, 2.0758223235607147, 2.0068864226341248, 1.942165732383728, 1.8762909770011902, 1.8130432665348053, 1.7471252083778381, 1.6766039431095123, 1.6156842112541199, 1.573895663022995, 1.5134725868701935, 1.4422343075275421, 1.399637371301651, 1.3461110442876816, 1.2785196006298065, 1.2383219599723816, 1.197569563984871, 1.168125033378601, 1.1485386043787003, 1.1626941859722137, 1.0588331818580627, 0.9831070154905319, 1.0328787565231323, 1.0529970601201057, 0.9996800348162651, 0.9631664454936981, 0.9507680162787437, 0.9638588204979897, 0.9180110022425652, 0.9557280465960503, 0.8967679589986801, 0.913431815803051, 0.874875508248806, 1.0050068199634552, 0.969920203089714, 0.887123815715313, 0.8353166654706001, 0.8423943221569061, 0.8463849276304245, 0.8005297109484673, 0.8934751823544502, 0.9699335917830467, 0.8379307761788368, 0.7711125910282135, 0.7863359525799751, 0.9622480049729347, 0.7865427359938622, 0.7954010963439941, 0.7896127253770828]",
exp5_4_dropout,2,79.0,"[2.288494348526001, 2.231286507386428, 2.117179980644813, 2.071346099560077, 1.9976824246920073, 1.8811820286970873, 1.8115433637912457, 1.7182140075243437, 1.6503319281798143, 1.5838244144733136, 1.5601242780685425, 1.4965512935931866, 1.3948074212441077, 1.3615544942709117, 1.2780980788744414, 1.25323669727032, 1.1802760362625122, 1.0600858605824983, 1.0154645442962646, 1.0774047328875616, 0.9635236859321594, 0.9698790495212262, 0.9074484064028814, 0.7787647293164179, 0.7643776788161352, 0.737593242755303, 0.7755056436245258, 0.71447570507343, 0.6385611249850347, 0.6459175875553718, 0.630103377195505, 0.5618701600111448, 0.5381875680043147, 0.5288353952077719, 0.4963577068769015]","[2.2412866950035095, 2.1604719758033752, 2.063609927892685, 1.9745378494262695, 1.8802104890346527, 1.7836956679821014, 1.7035474181175232, 1.628278136253357, 1.5674421787261963, 1.5142972469329834, 1.4829126000404358, 1.4226400554180145, 1.3535370379686356, 1.3284282684326172, 1.2932018339633942, 1.2522269636392593, 1.2369081228971481, 1.153334066271782, 1.1272173076868057, 1.1323956847190857, 1.136687994003296, 1.1292135268449783, 1.094464510679245, 1.107921078801155, 1.0371908247470856, 1.0285063683986664, 0.9939007014036179, 0.9520843550562859, 1.0805977135896683, 1.0979197770357132, 1.0866753682494164, 1.0837966054677963, 1.1968566924333572, 1.110811024904251, 1.1656162440776825]",
exp5_4_dropout,3,76.5,"[2.2828786006340613, 2.1918723583221436, 2.086879143348107, 2.007436000383817, 1.9146349888581495, 1.8478289200709417, 1.7697385457845836, 1.6520375930345976, 1.6230437480486357, 1.557928855602558, 1.458107278897212, 1.404954800238976, 1.3950422543745775, 1.2837855357390184, 1.2457624673843384, 1.2403064324305608, 1.1076696239984953, 1.066977253327003, 1.0792677264947157, 1.0188003778457642, 0.9414452956273005, 0.9265233049025903, 0.9185157876748306, 0.807181023634397, 0.7841705954991854, 0.8011606014691867, 0.7163076584155743, 0.6825825938811669, 0.7191953521508437, 0.6758062472710242, 0.6388199948347532, 0.6019497215747833, 0.6132929233404306, 0.5472655892372131, 0.6018867355126601, 0.5304445303403414]","[2.212082266807556, 2.059435725212097, 1.912858933210373, 1.8413733839988708, 1.7928595542907715, 1.711594134569168, 1.6724169850349426, 1.6430070400238037, 1.578498214483261, 1.5370925664901733, 1.4616951197385788, 1.4051741361618042, 1.389121875166893, 1.394298031926155, 1.3573527187108994, 1.342999130487442, 1.3248267322778702, 1.300383597612381, 1.27388297021389, 1.317430630326271, 1.3674826920032501, 1.4049160182476044, 1.335993230342865, 1.3357536494731903, 1.369882769882679, 1.4025516957044601, 1.333307608962059, 1.4030065834522247, 1.4869679883122444, 1.4367386922240257, 1.4216759353876114, 1.4891504049301147, 1.522840529680252, 1.5240140855312347, 1.4975762367248535, 1.4485255181789398]",
exp5_4_dropout,4,87.5,"[2.286654435671293, 2.1715597189389744, 2.0688937719051657, 2.0209578642478356, 1.9188884771787202, 1.8718812924164991, 1.8005317174471343, 1.7693451734689565, 1.6536287527817946, 1.5876358839181752, 1.557368095104511, 1.5148651049687312, 1.4431597819695106, 1.377410283455482, 1.3008454854671772, 1.2811041153394258, 1.1898323526749244, 1.1721045420720027, 1.1764886746039758, 1.0743000186406648, 1.0622315269250135, 1.028088166163518, 0.9193850022095901, 0.9024864801993737, 0.8394965621141287, 0.837540899331753, 0.8398934006690979, 0.7678185334572425, 0.7206131815910339, 0.729020159978133, 0.6338834051902478, 0.6568852869363931, 0.6495417035543002, 0.6263090303310981, 0.6221071756803073, 0.5815565631939814, 0.5354576798585745, 0.5349374482264886, 0.481351749255107, 0.438949676660391, 0.4517308748685397, 0.40777685321294344, 0.4056851061490866, 0.3894288150163797, 0.3562993292625134, 0.3678438537395917, 0.33178102855498975, 0.3326749297288748, 0.35107266215177685, 0.32109228578897625]","[2.2157304883003235, 2.0708557665348053, 1.9897738993167877, 1.917023926973343, 1.8281746208667755, 1.7514162361621857, 1.6940627098083496, 1.623615026473999, 1.568911373615265, 1.5257407426834106, 1.4594621658325195, 1.4172592759132385, 1.3707977086305618, 1.307336464524269, 1.2774079740047455, 1.266404613852501, 1.1643649190664291, 1.12368942797184, 1.0968965739011765, 1.055285632610321, 0.9694185107946396, 1.0093285739421844, 0.988797053694725, 0.921945109963417, 0.9043234586715698, 0.8795852661132812, 0.8642510995268822, 0.8404448106884956, 0.821138471364975, 0.7912306785583496, 0.83183404058218, 0.8344918414950371, 0.7848942056298256, 0.7454120889306068, 0.7449392974376678, 0.7370310202240944, 0.7785088047385216, 0.8096050247550011, 0.7999934405088425, 0.775425635278225, 0.766031838953495, 0.7473044767975807, 0.7664312273263931, 0.8494456857442856, 0.8601009249687195, 0.8665289431810379, 0.9291308671236038, 0.9456760361790657, 0.9656694084405899, 0.9349117502570152]",
exp5_4_dropout,5,80.40201005025126,"[2.2945628349597635, 2.240100988974938, 2.135288898761456, 2.0637541734255276, 1.9858099955778856, 1.914985253260686, 1.852080170924847, 1.789489901982821, 1.6741787470304048, 1.6585383048424354, 1.5156864386338453, 1.5170720357161303, 1.4379275945516734, 1.3444300156373243, 1.28442893578456, 1.2274806591180654, 1.1648654891894414, 1.1161651382079492, 0.9874381285447341, 1.0242519332812383, 0.8787751702161936, 0.8503567117911118, 0.8679909476867089, 0.7947641886197604, 0.7548679709434509, 0.7133044944359705, 0.6563612039272602, 0.6252360939979553, 0.6287679351293124, 0.5642763467935416, 0.6029703319072723, 0.5799504403884594, 0.5543246383850391, 0.5076145048324878, 0.48008211300923276, 0.47443623267687285, 0.49761190093480623, 0.4946255340025975, 0.4971541097530952, 0.4393660151041471, 0.4384694259900313, 0.4140405494433183, 0.398520569388683, 0.36290132655547214, 0.37647396555313695, 0.3159686613541383, 0.36279267301926243, 0.35909033394776857, 0.36347723465699416, 0.3568635777785228]","[2.283102035522461, 2.203095555305481, 2.087542772293091, 1.9862243235111237, 1.9112848043441772, 1.8540845215320587, 1.7827466130256653, 1.723692387342453, 1.6525115966796875, 1.595980554819107, 1.5431789308786392, 1.5067369937896729, 1.4761236757040024, 1.4115249961614609, 1.3569162487983704, 1.313670575618744, 1.2747607827186584, 1.2378916144371033, 1.192167729139328, 1.157675862312317, 1.145764335989952, 1.126897782087326, 1.0931832790374756, 1.0807779133319855, 1.034764602780342, 0.9772374406456947, 0.9964203536510468, 0.9833282083272934, 0.95561882853508, 0.9656414687633514, 0.9805268198251724, 0.9530258029699326, 0.9194645285606384, 0.8919107615947723, 0.8806953132152557, 0.9280375838279724, 0.9054538458585739, 0.924626350402832, 0.9772198647260666, 0.9547547250986099, 0.9723867774009705, 0.9076103121042252, 0.8496789336204529, 0.906095415353775, 0.9494711458683014, 0.969635397195816, 1.0258773416280746, 1.0237180292606354, 0.9370635449886322, 0.9417393803596497]",
exp6_1_leakyrelu,1,83.5,"[2.1138843297958374, 1.57574829688439, 1.072037357550401, 0.7443618086668161, 0.5472694635391235, 0.3795663553934831, 0.27576148624603564, 0.17951787664340094, 0.11088768421457364, 0.07125166230476819, 0.04212162056221412, 0.027471698104188993, 0.017992830262161218, 0.012418619142128872, 0.008941513736947225, 0.00695907618277348]","[1.9732862412929535, 1.5624047815799713, 1.2057736068964005, 1.0528649687767029, 0.8861603513360023, 0.8170141130685806, 0.6765167191624641, 0.6448891162872314, 0.6222174316644669, 0.6809584647417068, 0.6522701010107994, 0.667896568775177, 0.6862694770097733, 0.6980928629636765, 0.6953840479254723, 0.7091226577758789]",
exp6_1_leakyrelu,2,82.5,"[2.1028601756462684, 1.4858932540966914, 1.0225953368040233, 0.68270798600637, 0.4800871175069075, 0.3255024586732571, 0.21225839108228683, 0.15223448494305977, 0.10207895476084489, 0.06939026756355396, 0.045862337574362755, 0.03274630146244398, 0.01808507776317688, 0.017587461938651707, 0.013777288751533398, 0.013666254432442097, 0.0087799417356459, 0.00818883625862117, 0.007935901566480216, 0.009317824724488534, 0.00995879083012159, 0.0058843353763222694, 0.006852520047686994, 0.006393391128557806]","[1.9170046150684357, 1.557421624660492, 1.3631074875593185, 1.1605307906866074, 1.0330921411514282, 0.9864923879504204, 0.9167197272181511, 1.0086479634046555, 1.2732683271169662, 1.0845085605978966, 1.076193392276764, 1.1404538750648499, 1.1172126233577728, 1.1857180148363113, 1.125071957707405, 1.2273373901844025, 1.189932532608509, 1.1803695261478424, 1.1989068984985352, 1.2477061226963997, 1.2641831040382385, 1.21766959130764, 1.2363725304603577, 1.272125244140625]",
exp6_1_leakyrelu,3,81.0,"[2.1535216569900513, 1.594243728197538, 1.102954557308784, 0.7287976329143231, 0.5168336836191324, 0.35361923162753767, 0.23089632850426894, 0.14385434297414926, 0.08602956395882827, 0.047483943975888766, 0.027260081126139715, 0.01616003976848263, 0.010357423972051878, 0.007335714333189221, 0.005710539730409017, 0.004657497235502188, 0.0038622951564880516, 0.003418329655407713, 0.002882661181502044, 0.0025405915489850137, 0.002286378894216166, 0.0020211877641626275, 0.0018359822525571173]","[1.999323695898056, 1.602577656507492, 1.2154154628515244, 1.1440558731555939, 0.9645705819129944, 0.9828577861189842, 1.033238299190998, 1.0257746577262878, 1.1644177213311195, 1.1199081912636757, 1.2514642030000687, 1.2678859531879425, 1.2097186595201492, 1.2909878641366959, 1.3471123278141022, 1.3415342718362808, 1.375688910484314, 1.37773035466671, 1.389346644282341, 1.4172073751688004, 1.4357196539640427, 1.4292599707841873, 1.455181211233139]",
exp6_1_leakyrelu,4,87.5,"[2.152017877652095, 1.6656460486925566, 1.280545894916241, 0.8791343982403095, 0.5887931012190305, 0.38937623913471514, 0.27137760588755977, 0.17194107289497668, 0.10266878771094176, 0.06143607500080879, 0.03856196627020836, 0.02848225387816246, 0.020355501283819858, 0.012596294606247773, 0.014046736670514712, 0.011777952385063354, 0.013082923385529565, 0.016565633848166235, 0.004851041433329766, 0.02111517362153301, 0.03691688767419411]","[1.9400885701179504, 1.595403015613556, 1.2567963004112244, 0.9916988611221313, 0.8183922171592712, 0.8438127264380455, 0.7003125175833702, 0.7478999048471451, 0.7817927226424217, 0.8675520271062851, 0.7755559980869293, 0.8703932464122772, 0.8250016495585442, 0.9168063774704933, 0.8117827028036118, 0.9658654779195786, 0.8400864824652672, 1.0063551738858223, 0.9563612192869186, 0.9563869759440422, 0.8515851572155952]",
exp6_1_leakyrelu,5,79.39698492462311,"[2.117649949513949, 1.5124074862553523, 0.9740981643016522, 0.6494628695341257, 0.44953524607878464, 0.31604711138285124, 0.22827919744528258, 0.14054981275246695, 0.08823116295612775, 0.04975937163600555, 0.037113395161353625, 0.029705800617543552, 0.015869374960087813, 0.012720813079235645, 0.012547810991796164, 0.0089284754716433, 0.01087412005290389, 0.011190575977357535, 0.013327821945914855, 0.01471762416454462, 0.007417568927988983, 0.0057927485591230485, 0.01001471509404767, 0.0026558433713104864, 0.0069473825144366575]","[1.9476597309112549, 1.435171127319336, 1.1097874492406845, 0.9090197533369064, 0.8006988018751144, 0.7889364659786224, 0.7694380283355713, 0.6800294667482376, 0.6244977414608002, 0.697345182299614, 0.6688805893063545, 0.6450046487152576, 0.6617211438715458, 0.6512206643819809, 0.6569080390036106, 0.6727478615939617, 0.6746320743113756, 0.6848629675805569, 0.7124988753348589, 0.6841921787708998, 0.700658205896616, 0.7006828002631664, 0.6981849670410156, 0.7166238315403461, 0.7106569558382034]",
exp6_2_elu,1,83.5,"[1.8286083753292377, 1.2275970761592572, 0.8388586456959064, 0.5676018733244675, 0.36397616450603193, 0.210246140567156, 0.1083547048843824, 0.05138347942668658, 0.027450194152501915, 0.014694936215304412, 0.009453364074803315, 0.0065201529874824565, 0.005143008678435133, 0.004159619315312459, 0.003449307862096108, 0.002846119889559654, 0.002517291622308011]","[1.6182636320590973, 1.2321331053972244, 0.948978841304779, 0.7291191667318344, 0.6634275913238525, 0.5607570186257362, 0.579569585621357, 0.5950977206230164, 0.6122955158352852, 0.5785603821277618, 0.6126965954899788, 0.6229839101433754, 0.6270870268344879, 0.635321743786335, 0.6401988118886948, 0.6494924053549767, 0.6503165364265442]",
exp6_2_elu,2,82.5,"[1.8910283492161677, 1.2658438269908612, 0.8589834479185251, 0.5646118177817419, 0.32766998616548687, 0.18674609122368005, 0.10039747019226734, 0.05997533207902542, 0.03397419332311703, 0.023051798845139835, 0.0160086159952558, 0.018767264743263904, 0.007265486217175539, 0.008845244946244817, 0.008320137106168728, 0.008593556811459936, 0.010378353217115195, 0.004753128920968335, 0.008317934116348624, 0.0039341755372543745, 0.006981178240564007, 0.005692694891387453, 0.00534343164270887]","[1.6732068061828613, 1.3564684987068176, 1.1473024785518646, 0.9849790185689926, 0.8971694186329842, 0.9248254969716072, 0.8950346484780312, 0.981745757162571, 1.1213071271777153, 1.0831245854496956, 1.258883349597454, 1.1215218156576157, 1.158319391310215, 1.1941069662570953, 1.21745103597641, 1.2319395393133163, 1.2575147077441216, 1.3469452410936356, 1.2899084761738777, 1.4009725078940392, 1.3145771101117134, 1.326538123190403, 1.3558854311704636]",
exp6_2_elu,3,79.5,"[1.8770380478638868, 1.2131973917667682, 0.7751485751225398, 0.5342025390038123, 0.3183665332885889, 0.17964911403564307, 0.08717691927002026, 0.03873152042237612, 0.018751190043985844, 0.011027167372118968, 0.007471909603247276, 0.005660669770664894, 0.00451504304790153, 0.0037284151006203433, 0.0031950623692514803, 0.0026928203968474497]","[1.6788877248764038, 1.4009442776441574, 1.2208577543497086, 1.2455059885978699, 1.2151096016168594, 1.3762855529785156, 1.399882473051548, 1.418373517692089, 1.587810918688774, 1.6877570822834969, 1.7197907269001007, 1.7190609723329544, 1.7492656856775284, 1.798887312412262, 1.8323839455842972, 1.8363497406244278]",
exp6_2_elu,4,86.5,"[1.8440352219801683, 1.2420591115951538, 0.8416734429506155, 0.5770089351213895, 0.3779603907695183, 0.23362494775882134, 0.12895237310574606, 0.06958863339745082, 0.04068488570360037, 0.02631519727695447, 0.016508642154244278, 0.018010549999486942, 0.013413308582340296, 0.008289055361484107]","[1.5326859652996063, 1.2405152469873428, 0.9658573120832443, 0.8151140958070755, 0.6555299088358879, 0.6243064776062965, 0.6188698187470436, 0.6977808550000191, 0.7128025591373444, 0.7172062173485756, 0.8029522150754929, 0.7946628034114838, 0.7954770475625992, 0.7862454876303673]",
exp6_2_elu,5,79.89949748743719,"[1.8874976910077608, 1.2252285618048449, 0.7664267925115732, 0.47145965924629796, 0.27217868658212513, 0.14340538474229667, 0.07720526995567176, 0.04254162010665123, 0.02474796951103669, 0.013767657801508904, 0.011503494846133085, 0.015133908824422039, 0.01020771673379036, 0.010928556233501205, 0.008117620564567355, 0.007232247529408107, 0.004793159556216919, 0.005048644917014127, 0.005109275968816991]","[1.6352414786815643, 1.2397054433822632, 0.9474975764751434, 0.7935049682855606, 0.7254261523485184, 0.6947241500020027, 0.6271964833140373, 0.6351787187159061, 0.6466494686901569, 0.6587341353297234, 0.6694346256554127, 0.6731050573289394, 0.6836001556366682, 0.7012993954122066, 0.7056995928287506, 0.7174092382192612, 0.7297469079494476, 0.7317687980830669, 0.7411706149578094]",
exp6_3_swish,1,86.0,"[2.101493771259601, 1.5438974728951087, 1.067939749130836, 0.7422934518410609, 0.5124153655308944, 0.3687714911424197, 0.22131475175802523, 0.14192943905408567, 0.08590946948299041, 0.04373864772228094, 0.022188344182303317, 0.013138755976867218, 0.008837014257621307, 0.0065072030187226255, 0.0051253645036083, 0.004021108956434405, 0.0034593607728871014, 0.0029203127711438215]","[1.969867616891861, 1.5624375939369202, 1.2035224437713623, 1.021958827972412, 0.8203137218952179, 0.7952394708991051, 0.7088084891438484, 0.6986746788024902, 0.5854086652398109, 0.6609055399894714, 0.6855181306600571, 0.6824798062443733, 0.7080806717276573, 0.7091270908713341, 0.7172359079122543, 0.7259281948208809, 0.739338330924511, 0.7464274391531944]",
exp6_3_swish,2,81.5,"[2.1157017854543834, 1.497024105145381, 0.962959349155426, 0.6870770087608924, 0.48331053440387434, 0.32259303675248074, 0.21020682499958918, 0.131247005210473, 0.0832864258151788, 0.050951335579156876, 0.034121230961038515, 0.023303371066084273, 0.024457991015739165, 0.015059661872398395, 0.015820489479945257, 0.011197587922931863, 0.007679078638410339, 0.0065470520012940354, 0.006030421739873977, 0.007057081460236357, 0.006429762239209735, 0.004938315868807526]","[1.9044952690601349, 1.4605607241392136, 1.3530254513025284, 1.1358663886785507, 0.9676351994276047, 0.915144719183445, 0.9545897841453552, 0.8864019066095352, 0.9334985017776489, 1.029467985033989, 0.9622008502483368, 1.0310744121670723, 1.0231190770864487, 1.1369502544403076, 1.1070967018604279, 1.1135028153657913, 1.0920819640159607, 1.13426972925663, 1.1820922419428825, 1.1705981492996216, 1.2023065835237503, 1.2104277983307838]",
exp6_3_swish,3,78.5,"[2.128398198347825, 1.4521506291169386, 0.9151600828537574, 0.5903655244753911, 0.3757469952106476, 0.2389716746715399, 0.13288086022321993, 0.07085599349095272, 0.038562206336512014, 0.021890225247121774, 0.012819701089308811, 0.008822708390653133, 0.006538700563116715, 0.005107804649294569, 0.004107805936095806]","[1.9420535266399384, 1.369894802570343, 1.1348631829023361, 1.085851028561592, 0.9633126854896545, 1.071976974606514, 1.1038663685321808, 1.0276861041784286, 1.1675502508878708, 1.1349391490221024, 1.269987791776657, 1.3103868514299393, 1.342600017786026, 1.3169822692871094, 1.3489155024290085]",
exp6_3_swish,4,85.0,"[2.0888868753726664, 1.491640100112328, 1.0338492118395293, 0.7744788344089801, 0.5376429511950567, 0.37130439281463623, 0.24557960950411284, 0.15905271069361612, 0.10133242893677491, 0.04775829312319939, 0.036137848949203126, 0.03164193890272425, 0.01892179189822995, 0.013215793045954062, 0.009263288623724993, 0.007081144525168033, 0.005569486377330927]","[1.9013908505439758, 1.4312297403812408, 1.1280875951051712, 0.9758121520280838, 0.7590501010417938, 0.6779948398470879, 0.6104839816689491, 0.5942906141281128, 0.5968017056584358, 0.6103286147117615, 0.6752201095223427, 0.6500257477164268, 0.6879040896892548, 0.7429526597261429, 0.7228543609380722, 0.7431210055947304, 0.7700318545103073]",
exp6_3_swish,5,78.39195979899498,"[2.1095353273245006, 1.5090414193960338, 1.0658402763880217, 0.7077137094277602, 0.4725429301078503, 0.30941058179506886, 0.19706457394819993, 0.11028074731047337, 0.06585775258449408, 0.03932607417496351, 0.0337528190933741, 0.021207059590289228, 0.011077731668662567, 0.012744182004378391, 0.007718162557396751, 0.010106607268636044, 0.00817605505625789, 0.009576629623412512, 0.008275911641808657]","[1.9313138723373413, 1.5571164190769196, 1.300731509923935, 1.1143318265676498, 0.8668201565742493, 0.8930948078632355, 0.7091595679521561, 0.6822716817259789, 0.6943423002958298, 0.7671490460634232, 0.7709301859140396, 0.7185296788811684, 0.7627417743206024, 0.7278253436088562, 0.7400593608617783, 0.7658827006816864, 0.74307481944561, 0.8176483511924744, 0.7805415764451027]",
exp7_1_batchnorm,1,89.0,"[1.9781589141258826, 1.5517549698169415, 1.3494078104312603, 1.1757871921245868, 1.034955973808582, 0.9251154844577496, 0.8094224746410663, 0.7202822611882136, 0.6352417285625751, 0.5619384692265437, 0.4945645011388339, 0.4384699991116157, 0.37885764241218567, 0.34201502341490525, 0.3015366746829106, 0.28110993137726414]","[2.096887230873108, 1.8239530622959137, 1.6421221792697906, 1.5146863758563995, 1.431576132774353, 1.352938026189804, 1.243903249502182, 1.2121522575616837, 1.1295173466205597, 1.059874176979065, 1.0270818024873734, 0.8964715898036957, 0.9257465600967407, 0.8681009411811829, 0.8431007266044617, 0.8398026674985886]",
exp7_1_batchnorm,2,85.0,"[1.8906543254852295, 1.4357797457621648, 1.2266969680786133, 1.0785450155918415, 0.938428479891557, 0.8261325451043936, 0.7196456423172584, 0.6296135966594403, 0.5477276834157797, 0.49261160767995393, 0.4308216915680812, 0.38074307716809785, 0.33469329659755415, 0.3071467074064108, 0.2729440847268471, 0.24982890486717224, 0.22770001681951377, 0.20410541731577653, 0.1947019466987023, 0.17092304504834688, 0.15712967056494492, 0.14644914063123557, 0.13293876670874083, 0.12381887321288769, 0.11756780055853036]","[2.0463885068893433, 1.7499737739562988, 1.5381426811218262, 1.4089987576007843, 1.330657958984375, 1.2821192145347595, 1.240670770406723, 1.1658631414175034, 1.1457736939191818, 1.129771888256073, 1.0315391570329666, 1.0173409581184387, 0.9898840039968491, 0.962278738617897, 0.9553709030151367, 0.9305177479982376, 0.9238992482423782, 0.9321540594100952, 0.9372832775115967, 0.8811442255973816, 0.8635112568736076, 0.8773152306675911, 0.8578548654913902, 0.8413717299699783, 0.8510861694812775]",
exp7_1_batchnorm,3,84.5,"[1.9328325711763823, 1.5145502548951368, 1.320903833095844, 1.1661774653654833, 1.0263778292215788, 0.8928323663198031, 0.7810739783140329, 0.6705705569340632, 0.5791758711521442, 0.5193309119114509, 0.45623730008418745, 0.4031653656409337, 0.3625537615555983, 0.31980360929782575, 0.2902107662879504, 0.26449875418956464, 0.23080203166374794, 0.20735223705951983, 0.20353467762470245, 0.18153359569036043, 0.1707300589634822, 0.14854107109399942, 0.137796771640961, 0.12698190315411642]","[2.098671615123749, 1.825295865535736, 1.642866611480713, 1.5134541988372803, 1.4497495293617249, 1.3842982053756714, 1.3274040669202805, 1.2532680183649063, 1.2274238020181656, 1.2014726251363754, 1.1588202118873596, 1.1081443428993225, 1.0737481266260147, 1.1224860548973083, 1.033619076013565, 1.0293243676424026, 0.9625586569309235, 0.9499846696853638, 0.8783832639455795, 0.958481639623642, 0.9683738797903061, 0.913512796163559, 0.9300838261842728, 0.8765431046485901]",
exp7_1_batchnorm,4,86.5,"[1.8816524193837092, 1.504765015382033, 1.3057055748425996, 1.1291031929162831, 0.9806984892258277, 0.8475407728782067, 0.7413964179845957, 0.6434875314052289, 0.5425285742833064, 0.4825000579540546, 0.41628925846173215, 0.3947816468202151, 0.3365093400845161, 0.2898308267960182, 0.2657844859820146, 0.2362945664387483]","[2.0265935957431793, 1.7556369006633759, 1.5832578241825104, 1.4333489537239075, 1.31909841299057, 1.2108540534973145, 1.114627942442894, 1.028710037469864, 1.0339295268058777, 0.9308352023363113, 0.8960492312908173, 0.895032212138176, 0.8946760296821594, 0.809276357293129, 0.8126487582921982, 0.7563552558422089]",
exp7_1_batchnorm,5,80.40201005025126,"[1.8439951584889338, 1.4106558011128352, 1.205908986238333, 1.034047699891604, 0.9032504054216238, 0.7786788848730234, 0.6828773709443899, 0.5830400815376868, 0.5183222248004034, 0.4564680732213534, 0.4059111728118016, 0.3609185585608849, 0.3222931210811322, 0.2864296803107628, 0.25219685297745925, 0.2280271855684427]","[2.0549331307411194, 1.710982471704483, 1.4418769180774689, 1.2821995913982391, 1.1838992834091187, 1.0540873110294342, 1.0620514303445816, 1.0163621604442596, 0.9614742994308472, 0.9291120618581772, 0.8760712444782257, 0.8446390628814697, 0.8180865347385406, 0.7875647991895676, 0.7684153914451599, 0.7711959481239319]",
exp7_2_batchnorm_dropout,1,87.5,"[2.2289308584653416, 1.9861398476820726, 1.875002695963933, 1.759635301736685, 1.6434912314781775, 1.5711270845853365, 1.5019566187491784, 1.4143984776276808, 1.3398082898213313, 1.2909381206219013, 1.2178863745469313, 1.118791387631343, 1.0556607704896193, 1.0333853960037231, 0.9729582896599402, 0.8854568463105422, 0.8411360612282386, 0.773421993622413, 0.7420500058394212, 0.6608357016856854, 0.6435982309854947, 0.6019250246194693, 0.5538986737911518, 0.5518058515512027, 0.5230617179320409, 0.4951448830274435, 0.4491874896563016, 0.42500872566149783, 0.42323490518790025, 0.3887721483524029, 0.35976580473092884, 0.33502211708288926, 0.3264588461472438, 0.3207748463520637, 0.29107780983814824, 0.27433323057798237, 0.2553727798737012, 0.25035685759324294, 0.24113305600789878, 0.23248143608753497, 0.23670746729924128]","[2.135498523712158, 1.9248753786087036, 1.7773030400276184, 1.6849142611026764, 1.609366774559021, 1.5553447902202606, 1.501494139432907, 1.4385648667812347, 1.402751386165619, 1.3559878468513489, 1.3217918574810028, 1.2680978775024414, 1.2068033814430237, 1.157351329922676, 1.1122787445783615, 1.0608386546373367, 1.0088077932596207, 0.9731626510620117, 0.9590370655059814, 0.9105047583580017, 0.8753434419631958, 0.822858139872551, 0.8285363018512726, 0.8015602082014084, 0.7811329364776611, 0.7479399293661118, 0.7334543019533157, 0.7276038527488708, 0.6979479864239693, 0.6733919233083725, 0.6773747205734253, 0.6274587512016296, 0.6039034649729729, 0.6245304048061371, 0.6593311205506325, 0.6416657641530037, 0.5927550196647644, 0.6244230419397354, 0.5917486846446991, 0.5955932140350342, 0.6061226576566696]",
exp7_2_batchnorm_dropout,2,84.0,"[2.224171858567458, 1.983756157068106, 1.8473163201258733, 1.7758048864511342, 1.6625215732134306, 1.560343467272245, 1.4920343894224901, 1.4215203340236957, 1.304149132508498, 1.2615552590443537, 1.1843936168230498, 1.1448982128730187, 1.0317709079155555, 1.0211731516397917, 0.9285456308951745, 0.8532394170761108, 0.7985112025187566, 0.7507672584973849, 0.6741117055599506, 0.6589880769069378, 0.5941057159350469, 0.5664110252490411, 0.568188855281243, 0.5138920912375817, 0.47796700780208295, 0.45428146765782285, 0.44324265305812544]","[2.1763376593589783, 1.9676649570465088, 1.8614007532596588, 1.7670119404792786, 1.7000403702259064, 1.6417929530143738, 1.5769728422164917, 1.516829401254654, 1.4763453900814056, 1.427525907754898, 1.3867693841457367, 1.3338808119297028, 1.2960306257009506, 1.2885851114988327, 1.2276615500450134, 1.1893848478794098, 1.1181137561798096, 1.076721876859665, 1.0600018948316574, 1.0414696633815765, 0.9546400308609009, 0.9403400272130966, 0.971787765622139, 0.938859298825264, 0.8821880891919136, 0.8665206134319305, 0.860270194709301]",
exp7_2_batchnorm_dropout,3,82.5,"[2.2222029796013465, 1.9868119221467238, 1.839199212881235, 1.7474471238943248, 1.6691858585064228, 1.5634040649120624, 1.471709104684683, 1.410844353529123, 1.3393251620806181, 1.2559933295616736, 1.1993741530638475, 1.1484677699896007, 1.0789031707323515, 0.9886336509998028, 0.9224888819914597, 0.8856601348290076, 0.8035474740541898, 0.7748215657014114, 0.7288572834088252, 0.6970387559670669, 0.6303773797475375, 0.5826602944960961, 0.5608492677028363, 0.5265407585180722, 0.47050795876062834, 0.4553878880464114, 0.42241356464532703]","[2.1162408590316772, 1.9277536571025848, 1.8284401893615723, 1.773374319076538, 1.6992754638195038, 1.6529264748096466, 1.6172731220722198, 1.5528103113174438, 1.519208014011383, 1.4777432680130005, 1.431547373533249, 1.3755315244197845, 1.3482952266931534, 1.31553415954113, 1.2677353620529175, 1.2395061999559402, 1.1886310577392578, 1.1311507672071457, 1.1327398866415024, 1.0926884561777115, 1.0883275270462036, 1.054420918226242, 1.0222463309764862, 1.0220257639884949, 1.0250752419233322, 0.9540192633867264, 0.9887286275625229]",
exp7_2_batchnorm_dropout,4,88.0,"[2.197778243284959, 1.9969014021066518, 1.875929254751939, 1.804674478677603, 1.7128395208945641, 1.5923351232822125, 1.5512556662926307, 1.4827404297315157, 1.3575336382939265, 1.3087754799769475, 1.2308618288773756, 1.134999733704787, 1.0830652622076182, 0.9938998818397522, 0.9418612168385432, 0.869863721040579, 0.7994302740463843, 0.7592157629820017, 0.7186691898566026, 0.6429642255489643, 0.60972660779953, 0.5771157902020675, 0.5509114402991074]","[2.1359984278678894, 1.9100274741649628, 1.813150018453598, 1.7304741144180298, 1.665303260087967, 1.6088319420814514, 1.5436483323574066, 1.476466953754425, 1.425867885351181, 1.360738754272461, 1.2913923561573029, 1.2039623260498047, 1.1591381281614304, 1.0993218272924423, 1.0375022739171982, 0.9831444323062897, 0.9206684231758118, 0.8927945047616959, 0.8342976868152618, 0.8073507100343704, 0.7781854867935181, 0.7816814631223679, 0.8037115931510925]",
exp7_2_batchnorm_dropout,5,84.92462311557789,"[2.252632581270658, 2.03547962812277, 1.8968905393893902, 1.7763001001798189, 1.652950561963595, 1.5476887317804189, 1.4702460582439716, 1.3739838966956506, 1.2982659798402052, 1.2275271599109356, 1.1064050105901866, 1.084975806566385, 0.9944114318260779, 0.9555689784196707, 0.850046653013963, 0.8331943108485296, 0.7533141649686373, 0.7264087429413428, 0.6577914632283725, 0.6083737520071176, 0.5721204785200266, 0.514729937681785, 0.5180929715816791, 0.4693715595282041]","[2.1531277298927307, 1.9438367187976837, 1.8057948350906372, 1.719993144273758, 1.6500442624092102, 1.6014878749847412, 1.5292289555072784, 1.4905672669410706, 1.4240615665912628, 1.3836016654968262, 1.317435622215271, 1.2838770300149918, 1.1958917379379272, 1.1517503559589386, 1.0934185683727264, 1.0688608884811401, 1.0159146338701248, 0.9564480781555176, 0.9239879101514816, 0.8910664767026901, 0.8226677179336548, 0.7985236197710037, 0.7512813955545425, 0.7295375466346741]",
exp7_2_batchnorm_dropout,1,86.0,"[2.2296246748704176, 1.9863572212365956, 1.8898809873140776, 1.7892927023080678, 1.7206510030306303, 1.6377116258327777, 1.5649364086297841, 1.4594219739620502, 1.3607830542784471, 1.3073567335422223, 1.2347824756915753, 1.135373170559223, 1.0605095945871794, 0.9996006030302781, 0.9488703929460965, 0.8984693609751188, 0.8039417679493244, 0.7504112995587863, 0.7151795579836919, 0.625752682869251, 0.5904019750081576, 0.5770144141637362, 0.525312249477093, 0.4775518247714409]","[2.1362456679344177, 1.960049420595169, 1.8632334470748901, 1.7913218140602112, 1.7337880730628967, 1.6839783787727356, 1.6156697571277618, 1.5618703067302704, 1.5098821818828583, 1.4344302415847778, 1.3474642038345337, 1.3178795874118805, 1.2345726191997528, 1.1674023121595383, 1.1235914826393127, 1.0816102623939514, 1.0345730036497116, 0.978293776512146, 0.960443764925003, 0.9271025359630585, 0.8803333193063736, 0.8401268869638443, 0.7991619557142258, 0.7984796315431595]",
exp7_2_batchnorm_dropout,2,84.5,"[2.217013982626108, 1.997340807547936, 1.8812800829227154, 1.7821676547710712, 1.6607831258040209, 1.5771008454836333, 1.4875487089157104, 1.386890567266024, 1.3181327856504, 1.244619186107929, 1.158580312362084, 1.1229668672268207, 1.0231619477272034, 0.9815997022848862, 0.8841823431161734, 0.8524345113680913, 0.7859777533091031, 0.7607259016770583, 0.6680470567483169, 0.6339191565146813, 0.624297206218426, 0.5807267152346097, 0.5220635762581458, 0.5090006154317123, 0.4673031706076402, 0.45170639569942767]","[2.228248953819275, 2.042984187602997, 1.9055456817150116, 1.8128692507743835, 1.7592962384223938, 1.7111403942108154, 1.6626911759376526, 1.6158284842967987, 1.5320937931537628, 1.4946717619895935, 1.4872414767742157, 1.439873218536377, 1.3159439265727997, 1.2750414460897446, 1.2293637990951538, 1.1875058114528656, 1.1591565757989883, 1.1118827760219574, 1.0838884115219116, 1.0429240018129349, 1.05165334045887, 1.0358436107635498, 1.0285691171884537, 0.9911021888256073, 1.0098834782838821, 1.0499098747968674]",
exp7_2_batchnorm_dropout,3,81.5,"[2.2204056703127346, 1.9869032548024104, 1.8721048556841338, 1.7641493999041045, 1.670071684397184, 1.5808600645798903, 1.4849137251193707, 1.3836198311585646, 1.2973331488095796, 1.2465050220489502, 1.13796459711515, 1.090162767813756, 0.9950101329730108, 0.9612174263367286, 0.8590154464428241, 0.8389430091931269, 0.7673925940807049, 0.7020576871358432, 0.6815132177793063, 0.6217049497824448, 0.5705341008993295, 0.5688529839882484, 0.5008186995983124]","[2.1113094091415405, 1.9009754359722137, 1.7737331092357635, 1.7021138072013855, 1.6261177957057953, 1.556355357170105, 1.5143208503723145, 1.4566330015659332, 1.410960078239441, 1.3467365503311157, 1.3066299706697464, 1.2582859843969345, 1.2238305360078812, 1.1985801011323929, 1.1595793068408966, 1.110553815960884, 1.066587820649147, 1.0375052839517593, 1.039641186594963, 1.0139148831367493, 0.9706941097974777, 0.9699713736772537, 0.9447989165782928]",
exp7_2_batchnorm_dropout,4,89.0,"[2.228361826676589, 1.9724592245542085, 1.854092075274541, 1.7721941012602587, 1.6789410847883959, 1.5742250772622914, 1.5197539237829356, 1.4259526821283193, 1.3437921175589929, 1.2656758748568022, 1.1971664337011485, 1.1101597822629488, 1.0467100785328791, 0.9919124153944162, 0.9407478662637564, 0.8264934512285086, 0.8123533588189346, 0.7673842035807096, 0.7052824038725632, 0.6271208066206712, 0.5909984684907473, 0.5754688107050382, 0.5482997619188749, 0.49287124551259553, 0.4735500904229971, 0.45373253180430484, 0.43045430458509004, 0.4022440199668591, 0.36883552028582645, 0.3523550102343926]","[2.102412134408951, 1.895833045244217, 1.785831868648529, 1.7330995202064514, 1.659797191619873, 1.6053025126457214, 1.530881404876709, 1.4796934723854065, 1.4162607491016388, 1.357858657836914, 1.2997337877750397, 1.257181704044342, 1.1740055978298187, 1.1309678107500076, 1.1015167832374573, 1.0787148922681808, 0.9573607593774796, 0.9598331600427628, 0.933727502822876, 0.8868665397167206, 0.8619241267442703, 0.8356841653585434, 0.7787305861711502, 0.7624886631965637, 0.7071031779050827, 0.7467442601919174, 0.7157188951969147, 0.7151343524456024, 0.672565869987011, 0.6709937676787376]",
exp7_2_batchnorm_dropout,5,81.4070351758794,"[2.170690114681537, 1.9587596012995794, 1.8214265933403602, 1.7193189767690806, 1.6266967883476844, 1.5182480903772206, 1.4419619303483229, 1.33318214233105, 1.2309692547871516, 1.1727235867426946, 1.0887549198590791, 1.0287672510513892, 0.9587847590446472, 0.8793807213123028, 0.8267775407204261, 0.7893120279678931, 0.7014786325968229, 0.6765832075705895, 0.6077078397457416, 0.5586630358145788, 0.5285419798814334]","[2.1465528309345245, 1.9174932837486267, 1.796738177537918, 1.7181267738342285, 1.6649931073188782, 1.6039164066314697, 1.5054043531417847, 1.4764654636383057, 1.398254007101059, 1.3389706909656525, 1.2789836823940277, 1.2410828173160553, 1.1768766790628433, 1.1286083459854126, 1.088863879442215, 1.0080695897340775, 0.9803545325994492, 0.9401438534259796, 0.9039649963378906, 0.8431151211261749, 0.8562020659446716]",
exp7_2_batchnorm_dropout,1,82.5,"[2.27464382648468, 2.08763473033905, 1.9602443099021911, 1.864222800731659, 1.7969293594360352, 1.7088297963142396, 1.6479485750198364, 1.5944749355316161, 1.5080310821533203, 1.4492223501205443, 1.3695036888122558, 1.2908016204833985, 1.231390392780304, 1.1628153324127197, 1.1073873877525329, 1.0312572538852691, 0.9854338765144348, 0.9279980301856995, 0.8717285513877868, 0.8032772243022919, 0.7538037002086639, 0.7118724465370179, 0.6714800894260406, 0.6223479151725769, 0.6016656339168549, 0.5482434689998626, 0.5120528161525726]","[2.200472434361776, 2.02293070157369, 1.872560183207194, 1.7872616052627563, 1.7195709546407063, 1.6449046929677327, 1.6028952201207478, 1.5471007426579793, 1.4888685941696167, 1.428419828414917, 1.3729846477508545, 1.314382553100586, 1.2856496175130208, 1.2685809930165608, 1.2154254913330078, 1.166391412417094, 1.136465350786845, 1.0882197221120198, 1.0358596444129944, 1.0022884209950764, 0.9871419072151184, 0.948762059211731, 0.918095072110494, 0.9151279131571451, 0.8911199371019999, 0.8624809781710306, 0.8232970237731934]",77.5
exp7_2_batchnorm_dropout,2,82.5,"[2.306857109069824, 2.077876079082489, 1.9749109506607057, 1.8780739665031434, 1.7897808074951171, 1.6912598133087158, 1.6110831022262573, 1.5388166189193726, 1.481817865371704, 1.415399444103241, 1.3325364589691162, 1.2673838019371033, 1.217844271659851, 1.1765750885009765, 1.0976573944091796, 1.0062056839466096, 0.9696140706539154, 0.9395228207111359, 0.8400669813156127, 0.823621267080307, 0.7367328822612762, 0.7074699997901917, 0.6498956263065339, 0.6469426989555359, 0.648033756017685, 0.5633466958999633, 0.5561013847589493, 0.49637492597103117, 0.4771648794412613, 0.4763308227062225, 0.42275015115737913, 0.4308972120285034, 0.42918346226215365]","[2.1956005891164145, 1.9911031325658162, 1.8326164484024048, 1.7307867209116619, 1.6574598948160808, 1.5905948479970295, 1.5287070274353027, 1.486523151397705, 1.4418676694234211, 1.3917373418807983, 1.3600796858469646, 1.2968111832936604, 1.2355357805887859, 1.2054979006449382, 1.1906199057896931, 1.146716594696045, 1.0942705472310383, 1.037291169166565, 1.0225945115089417, 0.9953907529513041, 0.9674220085144043, 0.9278311928113302, 0.9197260141372681, 0.9061286846796671, 0.8556274970372518, 0.8224696318308512, 0.8451711734135946, 0.806538979212443, 0.7866139809290568, 0.8067514896392822, 0.7634472648302714, 0.76091996828715, 0.7759046157201132]",82.5
exp7_2_batchnorm_dropout,3,88.75,"[2.2425265073776246, 2.0463117361068726, 1.9022758245468139, 1.8053958892822266, 1.7408191919326783, 1.6775318026542663, 1.6026164054870606, 1.5293026328086854, 1.479378056526184, 1.414405882358551, 1.3513149261474608, 1.2769750714302064, 1.2228606700897218, 1.1757575035095216, 1.1083938777446747, 1.0591415226459504, 0.9903936088085175, 0.9255853235721588, 0.8925606369972229, 0.8194949746131897, 0.8032228410243988, 0.7115666747093201, 0.722795557975769, 0.6537710070610047, 0.6181988656520844, 0.5580187112092971, 0.5706172376871109]","[2.1564207077026367, 1.937901457150777, 1.7601849635442097, 1.6508511702219646, 1.5978589057922363, 1.5520369211832683, 1.4967134396235149, 1.4586693445841472, 1.40732737382253, 1.3680501381556194, 1.3233965635299683, 1.2906078100204468, 1.214089274406433, 1.1657987833023071, 1.1490068833033245, 1.14024551709493, 1.092279851436615, 1.0360571940739949, 0.9780895709991455, 0.931616485118866, 0.9157318870226542, 0.8510662515958151, 0.8549437721570333, 0.8221479256947836, 0.7850347956021627, 0.7807597517967224, 0.7256234486897787]",79.5
exp7_2_batchnorm_dropout,4,83.75,"[2.236458921432495, 2.027097773551941, 1.9050048232078551, 1.7750298738479615, 1.7212366461753845, 1.6334612846374512, 1.5693679690361022, 1.5038692951202393, 1.4367382884025575, 1.340654718875885, 1.30334814786911, 1.213529348373413, 1.1630638122558594, 1.0885124921798706, 1.0613487184047699, 0.9437592566013336, 0.89132040143013, 0.8899741411209107, 0.8474676072597503, 0.776416027545929, 0.7561893343925477, 0.7060684263706207, 0.6496798098087311, 0.6200399696826935, 0.6192171692848205, 0.561680480837822, 0.539604440331459, 0.5229658126831055, 0.4919650286436081, 0.4952690452337265, 0.4399891048669815, 0.43467988073825836]","[2.170146385828654, 1.9650071461995442, 1.8042805592219036, 1.7049150864283245, 1.6338107585906982, 1.5777939160664876, 1.523398995399475, 1.475436846415202, 1.4274457693099976, 1.3638864358266194, 1.3071927229563396, 1.2700250148773193, 1.2192232211430867, 1.1917626857757568, 1.1574498017628987, 1.1214604377746582, 1.0781672994295757, 1.0482442378997803, 1.0203134417533875, 0.968801220258077, 0.9393401344617208, 0.9467293421427408, 0.9313734968503317, 0.8757869203885397, 0.8610925475756327, 0.8343562881151835, 0.8111244837443033, 0.7880747119585673, 0.7882680495580038, 0.7722793221473694, 0.7368565400441488, 0.7481881976127625]",78.5
exp7_2_batchnorm_dropout,5,83.01886792452831,"[2.2559087753295897, 2.0631061434745788, 1.956526017189026, 1.885598599910736, 1.8121614336967469, 1.740801465511322, 1.6478432416915894, 1.6091371774673462, 1.5347718119621276, 1.4872596383094787, 1.4009510040283204, 1.302492094039917, 1.2695483922958375, 1.1936726331710816, 1.1300352215766907, 1.0707261085510253, 0.9886892139911652, 0.9136335909366607, 0.9079750001430511, 0.8102390170097351, 0.7887538254261017, 0.7405770182609558, 0.6744149386882782, 0.6799743115901947, 0.6019938230514527, 0.585587078332901, 0.5756781190633774, 0.5112108796834945, 0.5036541521549225, 0.45650692880153654]","[2.1984524726867676, 2.019382437070211, 1.900081952412923, 1.8223727544148762, 1.7650874455769856, 1.7142382860183716, 1.654144565264384, 1.590023438135783, 1.5372244119644165, 1.4769217570622761, 1.404322584470113, 1.368545929590861, 1.3159054517745972, 1.2637485265731812, 1.2204204003016155, 1.205565055211385, 1.1564164360364277, 1.138375719388326, 1.1009593804677327, 1.0652366677920024, 1.067036012808482, 1.0524366895357768, 1.0350126226743062, 1.0169889330863953, 1.0088152885437012, 0.975212832291921, 0.9372247258822123, 0.9257199168205261, 0.9192097783088684, 0.8868554830551147]",82.0
exp7_2_batchnorm_dropout,1,85.0,"[2.260583186149597, 2.0307730793952943, 1.9373462200164795, 1.8192081928253174, 1.7466140031814574, 1.6948069214820862, 1.5997164249420166, 1.5417084455490113, 1.484292471408844, 1.4176169276237487, 1.3516861557960511, 1.2671795129776, 1.2327721834182739, 1.1716553092002868, 1.1060173153877257, 1.0749213099479675, 0.9948449313640595, 0.9584051012992859, 0.8661711633205413, 0.830417913198471, 0.79908447265625, 0.7422029733657837, 0.7088124692440033, 0.6834058880805969, 0.6365126967430115, 0.5631825417280197, 0.5400908142328262, 0.5200194031000137, 0.4987185925245285, 0.4798625260591507, 0.4629673361778259]","[2.1836414337158203, 1.998338222503662, 1.837571342786153, 1.726483146349589, 1.6474690437316895, 1.5908679962158203, 1.5434402624766033, 1.4895191192626953, 1.4437771240870159, 1.4062602519989014, 1.3674918413162231, 1.3293832937876384, 1.2758272091547649, 1.2226804494857788, 1.1880031824111938, 1.1266308824221294, 1.0925215284029643, 1.06648588180542, 1.0260464747746785, 1.0181070764859517, 0.9433950384457906, 0.9223527510960897, 0.9044161438941956, 0.8751894036928812, 0.8300231099128723, 0.8213580449422201, 0.8108631173769633, 0.774956464767456, 0.7451254526774088, 0.7465889056523641, 0.7143750786781311]",80.0
exp7_2_batchnorm_dropout,2,83.125,"[2.248332214355469, 2.0285176277160644, 1.9103208661079407, 1.8169275164604186, 1.7198985457420348, 1.6495445609092712, 1.579550302028656, 1.5192246317863465, 1.439322054386139, 1.3481478691101074, 1.30567809343338, 1.2337052941322326, 1.1999895453453064, 1.119263231754303, 1.0893283843994142, 1.0215981245040893, 0.9808521628379822, 0.9058801829814911, 0.8514245748519897, 0.8339554965496063, 0.7713570177555085, 0.7666550219058991, 0.6888324916362762, 0.6507061839103698, 0.6308162152767182, 0.6285166561603546, 0.5972808122634887, 0.5195383727550507, 0.5176649451255798, 0.5090245395898819, 0.4852669894695282, 0.4409927994012833, 0.4159849226474762, 0.4014940232038498, 0.371522656083107, 0.3528118640184402, 0.3413353592157364, 0.34681580364704134, 0.3137299343943596, 0.31828995048999786, 0.3018281847238541]","[2.157981554667155, 1.9516754945119221, 1.7797433932622273, 1.6476101477940877, 1.5834569931030273, 1.524987816810608, 1.4777100086212158, 1.44016428788503, 1.3961433569590251, 1.3317608038584392, 1.2758606274922688, 1.2552807728449504, 1.2306264638900757, 1.1893388430277507, 1.141503930091858, 1.1269441445668538, 1.0968939065933228, 1.0536790490150452, 1.0023261507352192, 0.9817355275154114, 0.940113882223765, 0.9177655975023905, 0.9012342492739359, 0.8752498428026835, 0.8663669228553772, 0.8493336836496989, 0.8083460330963135, 0.7821976939837137, 0.7967035174369812, 0.7602542638778687, 0.759048600991567, 0.7437851826349894, 0.7191900809605917, 0.7291349569956461, 0.7290014624595642, 0.7202941179275513, 0.7121992111206055, 0.7064562439918518, 0.6938368479410807, 0.6591216723124186, 0.6766131122907003]",80.0
exp7_2_batchnorm_dropout,3,88.125,"[2.2628830671310425, 2.0764984369277952, 1.9704515933990479, 1.862698256969452, 1.7846935749053956, 1.695633089542389, 1.6291299223899842, 1.5497583985328673, 1.497462773323059, 1.4268426418304443, 1.366799283027649, 1.3196092605590821, 1.2693647265434265, 1.1440113186836243, 1.094549798965454, 1.0618439257144927, 1.007131177186966, 0.9221841335296631, 0.8983654260635376, 0.8292855083942413, 0.7939787387847901, 0.7314255177974701, 0.7031697273254395, 0.646687364578247, 0.6116513907909393, 0.6000704824924469, 0.5295198291540146, 0.5043062418699265, 0.4870437324047089, 0.4777450323104858, 0.4375921040773392, 0.4309166997671127, 0.396326532959938, 0.403953492641449, 0.37519225776195525, 0.33622345328330994]","[2.1839426358540854, 1.9949539105097454, 1.8364579677581787, 1.7341349522272747, 1.647067626317342, 1.5911204814910889, 1.5477488438288372, 1.4777926603953044, 1.4218086004257202, 1.3848143021265666, 1.3355917533238728, 1.2884066104888916, 1.232105016708374, 1.1767347653706868, 1.143595019976298, 1.0999980370203655, 1.0318733652432759, 1.0007485349973042, 0.9710220297177633, 0.9319392442703247, 0.8736030658086141, 0.8422622680664062, 0.833035926024119, 0.8108182748158773, 0.7815775473912557, 0.7375311851501465, 0.7329362630844116, 0.7125444213549296, 0.6742326418558756, 0.6671820878982544, 0.6380448937416077, 0.6203769246737162, 0.6183875799179077, 0.6175599296887716, 0.5999637941519419, 0.5454883873462677]",80.0
exp7_2_batchnorm_dropout,4,82.5,"[2.2423130750656126, 2.003542995452881, 1.8655267834663392, 1.8082981705665588, 1.6794412851333618, 1.6102073431015014, 1.5644476890563965, 1.4891888856887818, 1.428755283355713, 1.3738528728485107, 1.2696009159088135, 1.2191609740257263, 1.1431361138820648, 1.098024034500122, 1.0601212859153748, 0.9711699783802032, 0.9032977998256684, 0.8570429623126984, 0.8025086045265197, 0.7797484874725342, 0.7021140575408935, 0.6798217117786407, 0.6119625687599182, 0.6142913520336151, 0.5444941043853759, 0.5263310223817825, 0.5233438581228256, 0.4952462315559387, 0.4804710656404495, 0.44037758708000185, 0.41233853101730344, 0.3785384565591812, 0.37133530974388124, 0.35215246975421904, 0.3389387637376785]","[2.1351922353108725, 1.9197027683258057, 1.7820693651835124, 1.7032527128855388, 1.640573779741923, 1.5911725362141926, 1.5467380285263062, 1.5130274693171184, 1.452995737393697, 1.398791233698527, 1.3575536012649536, 1.3098369042078655, 1.2498234113057454, 1.2146922747294109, 1.160882790883382, 1.1229264736175537, 1.111213246981303, 1.0721306800842285, 1.0367465615272522, 1.016967236995697, 0.9628240664800009, 0.9334441224733988, 0.9327369729677836, 0.9215012987454733, 0.8972529371579488, 0.8687458634376526, 0.8461134433746338, 0.8201411167780558, 0.8346350987752279, 0.8352818489074707, 0.8173255721728007, 0.802340567111969, 0.787291685740153, 0.7903056343396505, 0.7911816835403442]",80.5
exp7_2_batchnorm_dropout,5,84.90566037735849,"[2.255331015586853, 2.06654896736145, 1.9326138615608215, 1.8533717751502992, 1.7542705893516541, 1.6816285729408265, 1.6024446487426758, 1.5087387323379517, 1.4442747235298157, 1.3754635810852052, 1.3476806282997131, 1.244438076019287, 1.1876686930656433, 1.1710291743278503, 1.09828160405159, 1.0204245746135712, 0.9451707303524017, 0.9180809855461121, 0.8911976456642151, 0.8028166472911835, 0.762036120891571, 0.7135659575462341, 0.6927491903305054]","[2.1785196463267007, 1.993657906850179, 1.839788556098938, 1.7151345411936443, 1.6311883131663005, 1.5534399350484211, 1.4906647205352783, 1.4230056603749592, 1.3839417298634846, 1.3411645491917927, 1.265165090560913, 1.2318123976389568, 1.1894181966781616, 1.1550898154576619, 1.1236960291862488, 1.0958904027938843, 1.0459662278493245, 0.9978557626406351, 0.954685906569163, 0.9276522596677145, 0.909130314985911, 0.8661351005236307, 0.8351395527521769]",79.0
exp7_2_batchnorm_dropout,1,81.25,"[1.1891230285167693, 0.27747338861227033, 0.08738221675157547, 0.034753813222050664, 0.024690990196540953, 0.022766820248216392, 0.007160931406542659, 0.008367382967844606, 0.014677101140841841, 0.011335092037916184, 0.005801158584654331, 0.01769311793614179, 0.013040799251757561, 0.005244654510170222, 0.011413312645163386, 0.004560416599269956]","[0.883677065372467, 0.7385611136754354, 0.6874278982480367, 0.7027091582616171, 0.6780491669972738, 0.6649904449780782, 0.7130543192227682, 0.6517940958340963, 0.6510266065597534, 0.6620137691497803, 0.6807530919710795, 0.6606690287590027, 0.7275197903315226, 0.6675729552904764, 0.667580783367157, 0.6690849463144938]",77.0
exp7_2_batchnorm_dropout,2,80.625,"[1.1984996974468232, 0.2521380379796028, 0.0755749337375164, 0.022185029555112125, 0.010223459405824541, 0.00674780267290771, 0.004971344280056656, 0.003973698173649609, 0.003354590875096619]","[0.860291580359141, 0.6589492559432983, 0.697155773639679, 0.7312359611193339, 0.7429895202318827, 0.7446513772010803, 0.7454949021339417, 0.7522689501444498, 0.7550550500551859]",76.0
exp7_2_batchnorm_dropout,3,88.125,"[1.3308043479919434, 0.34269423186779024, 0.09990468025207519, 0.040271553210914135, 0.026018999889492987, 0.02117386874742806, 0.013976550661027431, 0.013578950148075818, 0.02148059643805027, 0.021558934752829374, 0.009921510028652847, 0.00505886587779969, 0.018719519721344113, 0.008382130740210414, 0.014925077103544026, 0.01083698864094913, 0.009265417233109474, 0.013841791031882166, 0.006221320934128016, 0.006172258395235985, 0.004502318555023521, 0.006393454223871231, 0.011779143195599317, 0.007681295834481716, 0.005949091439833865]","[0.7259685099124908, 0.4960133334000905, 0.4447474678357442, 0.42244898279507953, 0.4098880887031555, 0.3786085943380992, 0.3829148511091868, 0.3962625066439311, 0.37404083212216693, 0.4159039457639058, 0.38103629151980084, 0.4182687004407247, 0.41047321756680805, 0.38803356389204663, 0.39153237144152325, 0.42861975232760113, 0.3876938670873642, 0.3844634195168813, 0.3865345319112142, 0.38963156938552856, 0.3878081242243449, 0.4086884657541911, 0.42086241642634076, 0.38389496008555096, 0.4307440419991811]",78.5
exp7_2_batchnorm_dropout,4,81.25,"[1.1756741642951964, 0.2728940725326538, 0.10181225780397654, 0.03415559604763985, 0.017017750069499016, 0.010625602211803198, 0.012565226177684963, 0.012709467206150293, 0.005486465455032885, 0.01067594310734421, 0.02174442287068814, 0.007065151038113981, 0.01406810893677175, 0.008963567146565765, 0.006383458652999252, 0.008418470458127558, 0.010975600150413812, 0.010142530221492052, 0.011786683287937194]","[0.8992905219395956, 0.7402828931808472, 0.7566589911778768, 0.9500310023625692, 0.9258246024449667, 0.8817927241325378, 0.8464233875274658, 0.8356108665466309, 0.8792108496030172, 0.8657477696736654, 0.9555565714836121, 0.8603138128916422, 0.9290516972541809, 0.8756550550460815, 0.8832168380419413, 0.8829095760981241, 0.877159833908081, 0.8764053384462992, 0.8848766287167867]",78.5
exp7_2_batchnorm_dropout,5,85.53459119496856,"[1.1693917274475099, 0.26776170134544375, 0.07173942476511001, 0.02814301261678338, 0.012225307198241353, 0.007590374909341335, 0.005140134831890464, 0.004134904243983328, 0.003451441554352641, 0.002999748708680272, 0.0026601838413625955, 0.002386430255137384, 0.002166571351699531]","[0.9733081062634786, 0.8802284300327301, 0.8811760743459066, 0.9562069276968638, 0.9970091382662455, 0.9934194286664327, 1.005444884300232, 1.0091375907262166, 1.0190756718317668, 1.0308671792348225, 1.0413463910420735, 1.050860345363617, 1.0592934091885884]",77.5
exp7_2_batchnorm_dropout,1,81.875,"[1.2960171937942504, 0.27129795849323274, 0.08970855697989463, 0.03552054837346077, 0.018493213411420583, 0.01330771786160767, 0.01100744684226811, 0.007701764022931457, 0.006292819138616323, 0.008247626991942526, 0.007440033182501793, 0.013006493775174021, 0.016878491220995783]","[0.8888742526372274, 0.7141988277435303, 0.6548194487889608, 0.6851784984270731, 0.6848603288332621, 0.6645911534627279, 0.6537909507751465, 0.6519960165023804, 0.6570841272672018, 0.6599677006403605, 0.6658921241760254, 0.6782320340474447, 0.6902692317962646]",76.0
exp7_2_batchnorm_dropout,2,81.875,"[1.2003143310546875, 0.262259154766798, 0.08741049356758594, 0.030799444206058978, 0.012109540216624737, 0.007235803734511137, 0.005155157251283527, 0.004018375929445028, 0.003370831743814051, 0.002917939051985741, 0.0026077359914779665, 0.0023482422344386577, 0.0021272261627018453, 0.0019449107116088272]","[0.8213796218236288, 0.687351127465566, 0.7390768130620321, 0.7185517152150472, 0.7078563570976257, 0.730051318804423, 0.7364170948664347, 0.7313633362452189, 0.7283254067103068, 0.7300417621930441, 0.7333605885505676, 0.7372686266899109, 0.7410708864529928, 0.743142306804657]",77.5
exp7_2_batchnorm_dropout,3,87.5,"[1.1982872128486632, 0.26664777249097826, 0.08870008252561093, 0.033744600042700766, 0.02715075621381402, 0.024477281514555214, 0.026372739346697927, 0.009100781846791505, 0.011823637457564474, 0.014645852008834481, 0.021519689867272974, 0.0055496287532150745, 0.008172017079778016, 0.0048871159087866545, 0.01241584726376459, 0.009658659936394542]","[0.5724714001019796, 0.4946968654791514, 0.4151070713996887, 0.44033317764600116, 0.4110907316207886, 0.41417405009269714, 0.38712379336357117, 0.3845709065596263, 0.3762894074122111, 0.40579459071159363, 0.37176140149434406, 0.3874368667602539, 0.380949209133784, 0.3633982439835866, 0.36762964725494385, 0.38696303963661194]",80.0
exp7_2_batchnorm_dropout,4,83.125,"[1.165167546272278, 0.26411908566951753, 0.08594371415674687, 0.031087009981274605, 0.014775261376053095, 0.015141595341265201, 0.008291572146117688, 0.011995199928060174, 0.005612379335798323, 0.005465626390650869, 0.014620112162083388, 0.005526850023306907, 0.01596808680333197, 0.0082512061111629, 0.003175044315867126]","[0.8675957123438517, 0.6881245175997416, 0.8239613970120748, 0.8208960692087809, 0.7999810179074606, 0.7941920161247253, 0.8124465346336365, 0.8089974721272787, 0.8176449139912924, 0.8363012075424194, 0.8234772284825643, 0.8869923750559489, 0.8349764943122864, 0.8361870050430298, 0.8767550985018412]",80.0
exp7_2_batchnorm_dropout,5,84.90566037735849,"[1.191066211462021, 0.28640552088618276, 0.07699362598359585, 0.027476211078464985, 0.012516383407637477, 0.007600325532257557, 0.005385149782523513, 0.004366513551212847, 0.0036997196031734346, 0.003178792237304151, 0.002807707153260708, 0.002515433880034834, 0.0022784420056268574]","[1.0662489732106526, 0.9708824952443441, 1.0270950396855671, 1.022123287121455, 1.098718245824178, 1.1332364082336426, 1.1601110299428303, 1.184294323126475, 1.1972960829734802, 1.206162730852763, 1.2158266305923462, 1.223980724811554, 1.2309029698371887]",79.0
exp7_2_batchnorm_dropout,1,81.875,"[1.1566757261753082, 0.26071068495512006, 0.0815398557111621, 0.03186521492898464, 0.02528188694268465, 0.012084572575986385, 0.008419499918818473, 0.009551917831413449, 0.012813250161707401, 0.01916547475848347]","[0.9132235248883566, 0.785052756468455, 0.6366658806800842, 0.6691396435101827, 0.708856999874115, 0.6899891495704651, 0.6866312026977539, 0.6833065748214722, 0.6895648638407389, 0.6967394749323527]",77.0
exp7_2_batchnorm_dropout,2,79.375,"[1.2138476490974426, 0.34358122795820234, 0.08563396185636521, 0.03157728109508753, 0.011174597311764956, 0.007411144813522697, 0.005137364147230983, 0.004091435112059116, 0.0034924207953736185, 0.003039626148529351, 0.0027005657320842147, 0.0024390243692323566]","[0.9709568818410238, 0.7965963085492452, 0.716474453608195, 0.6827848752339681, 0.743228554725647, 0.7458621064821879, 0.7376431624094645, 0.7398642301559448, 0.7432676553726196, 0.7443245053291321, 0.7433734933535258, 0.7456895311673483]",77.5
exp7_2_batchnorm_dropout,3,87.5,"[1.2846359074115754, 0.3503825396299362, 0.12723014689981937, 0.045031453296542165, 0.02778133200481534, 0.02061468861065805, 0.020414256071671844, 0.019545506220310926, 0.0072771119186654685, 0.008151730592362582, 0.01494115055538714, 0.00869101615389809, 0.010648745344951749, 0.013505837705451995, 0.015146389941219241, 0.005326115363277495, 0.013791592861525714, 0.003678994323126972, 0.009287262673024089, 0.004254665691405535, 0.010029350593686103]","[0.623157133658727, 0.5281492074330648, 0.49968337019284564, 0.4592726528644562, 0.425208846728007, 0.4244258503119151, 0.3958372672398885, 0.3870149652163188, 0.4134448866049449, 0.38479888439178467, 0.3999832769234975, 0.4026959439118703, 0.3975639343261719, 0.38663149376710254, 0.40173519651095074, 0.3856554826100667, 0.39306435982386273, 0.4120599627494812, 0.39844154318173725, 0.38609308501084644, 0.3992710014184316]",80.5
exp7_2_batchnorm_dropout,4,83.75,"[1.1932323038578034, 0.27479723691940305, 0.08011411018669605, 0.04395205127075315, 0.01619723318144679, 0.009634343814104796, 0.013867345801554621, 0.012204249785281718, 0.008668360696174205, 0.00934681468643248, 0.007558960956521333, 0.0149497410049662, 0.014209519629366696, 0.004812244104687125]","[0.8944915930430094, 0.7951991558074951, 0.7915481328964233, 0.791208287080129, 0.857491672039032, 0.7979525923728943, 0.8227805693944296, 0.8132237990697225, 0.8122449715932211, 0.8183766007423401, 0.8289807438850403, 0.8230778376261393, 0.8522647817929586, 0.829217274983724]",80.5
exp7_2_batchnorm_dropout,5,84.90566037735849,"[1.2141690731048584, 0.3483946740627289, 0.09823913313448429, 0.03274594955146313, 0.014778386056423187, 0.008650344563648105, 0.006502249650657177, 0.005122601473703981, 0.004290673602372408, 0.0036806766875088215, 0.0032637791475281118, 0.002912228205241263, 0.002641210367437452, 0.002409865881782025]","[1.2074418266614277, 1.0308002630869548, 1.1098378499348958, 1.0711303154627483, 1.0388280153274536, 1.0451215108235676, 1.0531834363937378, 1.0623081922531128, 1.064586341381073, 1.0721647143363953, 1.0784034331639607, 1.0869818329811096, 1.0953212181727092, 1.102828840414683]",78.5
exp7_2_batchnorm_dropout,1,83.125,"[1.1556776463985443, 0.30077293664217, 0.10511182360351086, 0.03782292809337377, 0.01585715333931148, 0.017944828188046814, 0.007105182483792305, 0.013812643731944263, 0.006427445844747126, 0.011615805909968913, 0.013282943679951132, 0.011679822183214127, 0.018467197788413613]","[0.8562978704770406, 0.7723308404286703, 0.686238427956899, 0.6641253034273783, 0.6202819347381592, 0.6160290042559305, 0.6377096970876058, 0.6283400853474935, 0.6555270353953043, 0.6643853982289633, 0.6496416131655375, 0.6537621219952902, 0.6970288952191671]",76.0
exp7_2_batchnorm_dropout,2,80.0,"[1.1742743313312531, 0.288480706512928, 0.07084245532751084, 0.023026911821216346, 0.015552600845694542, 0.008202303340658546, 0.007269710255786777, 0.0039670831523835656, 0.00336182217579335, 0.002930024522356689, 0.002552188327535987, 0.0022419187938794495]","[0.7956147988637289, 0.7369767228762308, 0.7682510614395142, 0.783649206161499, 0.7647729516029358, 0.7711146076520284, 0.7659420371055603, 0.7593196431795756, 0.7696893413861593, 0.7775014241536459, 0.7812250057856241, 0.7840946118036906]",75.5
exp7_2_batchnorm_dropout,3,88.125,"[1.1734535336494445, 0.2621564194560051, 0.08036600984632969, 0.03217900265008211, 0.01513295192271471, 0.011576837580651044, 0.009123372286558152, 0.011179508990608156, 0.023259974364191294, 0.010578217124566436, 0.01039719203254208, 0.0107092184596695, 0.008453504764474928, 0.010272532526869327]","[0.5979290703932444, 0.4795040686925252, 0.42839450637499493, 0.42203598221143085, 0.3845563332239787, 0.3940126597881317, 0.37630079686641693, 0.42736170689264935, 0.3836300273736318, 0.38281256953875226, 0.3748952994743983, 0.3830149670441945, 0.38063888748486835, 0.3792924185593923]",79.5
exp7_2_batchnorm_dropout,4,81.25,"[1.1382377803325654, 0.2498420238494873, 0.07744753360748291, 0.02995463479310274, 0.01599751878529787, 0.016438823053613306, 0.018510110583156346, 0.011658238107338547, 0.016399979242123663, 0.017917128442786635, 0.010696770995855332]","[0.9343687097231547, 0.6994943221410116, 0.8582804004351298, 0.8505796591440836, 0.8631146550178528, 0.8112607598304749, 0.8152995705604553, 0.8214235901832581, 0.8253543774286906, 0.841110368569692, 0.8643509348233541]",78.5
exp7_2_batchnorm_dropout,5,83.64779874213836,"[1.2663443386554718, 0.32668357640504836, 0.10828842371702194, 0.037577725015580654, 0.017513443250209093, 0.010172551264986396, 0.006713381875306368, 0.005219063116237521, 0.004270282434299588, 0.0036913372576236727, 0.0032363360282033683, 0.0029096529819071294]","[1.0008066495259602, 1.1563458442687988, 1.2088432510693867, 1.2856174906094868, 1.3262563347816467, 1.3927192091941833, 1.440624972184499, 1.466637909412384, 1.4812283118565877, 1.492269217967987, 1.5025655627250671, 1.5137824614842732]",78.5
exp7_2_batchnorm_dropout,1,80.625,"[1.2345535039901734, 0.2942453444004059, 0.09368100129067898, 0.030855305772274733, 0.018813936691731214, 0.015894985804334284, 0.008337717410176993, 0.01280959569849074, 0.006990152271464467, 0.01509409856516868, 0.013990466366522014, 0.013692793319933116, 0.01629777066409588, 0.01092791436240077]","[0.8939693172772726, 0.7385655244191488, 0.6646063526471456, 0.660524586836497, 0.6384245753288269, 0.6442261536916097, 0.6531801621119181, 0.6613915959993998, 0.698599656422933, 0.7372598250706991, 0.6846227844556173, 0.6807722846666971, 0.6824871500333151, 0.6992042064666748]",76.0
exp7_2_batchnorm_dropout,2,81.25,"[1.1694174706935883, 0.2574830636382103, 0.08846171721816062, 0.031464370898902416, 0.011718819290399552, 0.006787791335955262, 0.004846256179735065, 0.003842063038609922, 0.0031854416942223907, 0.00275430167093873, 0.0024384980904869737, 0.0021986024221405387, 0.0019952163100242616]","[0.7965539693832397, 0.7074154218037924, 0.7141485412915548, 0.7254055142402649, 0.7269220153490702, 0.7277109026908875, 0.726740558942159, 0.728430449962616, 0.7337713638941447, 0.7367071708043417, 0.7427499890327454, 0.7479213873545328, 0.751774251461029]",77.5
exp7_2_batchnorm_dropout,3,88.125,"[1.2258180499076843, 0.2982197985053062, 0.0947264213114977, 0.039073604717850687, 0.020048907585442068, 0.01705837924964726, 0.013622816186398268, 0.009595075016841292, 0.016356092458590866, 0.005516342306509614, 0.01242155977524817, 0.024245050363242628, 0.020894152787514032, 0.010986181802581995, 0.017595711234025656, 0.01119881150079891, 0.010716023598797619, 0.011576641909778118, 0.004378302244003862, 0.004777097306214273]","[0.6098578572273254, 0.5198417802651724, 0.4119892716407776, 0.4160736600557963, 0.42007670799891156, 0.3983321487903595, 0.39868788917859393, 0.39436882734298706, 0.3888425926367442, 0.38503281275431317, 0.3894481062889099, 0.38502530256907147, 0.3858630855878194, 0.42149003346761066, 0.3988799850145976, 0.40856420000394184, 0.3881715039412181, 0.39258049925168353, 0.3937873939673106, 0.4113057851791382]",79.5
exp7_2_batchnorm_dropout,4,83.125,"[1.1819303512573243, 0.28364352136850357, 0.08326870389282703, 0.0431006720289588, 0.020137127209454774, 0.013751342985779047, 0.014619017415679992, 0.01930811544880271, 0.009699768200516701, 0.017906801565550266, 0.018510690424591303, 0.005140400747768581, 0.006608461518771947, 0.013724284921772778, 0.004006949963513762, 0.0075976545689627525, 0.010394597984850406]","[0.740747074286143, 0.790160596370697, 0.7268087267875671, 0.7807974219322205, 0.7598863641421, 0.7516582012176514, 0.752311627070109, 0.7999959190686544, 0.7722269097963969, 0.7713512778282166, 0.7927930951118469, 0.7821144461631775, 0.7839572230974833, 0.7912242809931437, 0.8123492201169332, 0.793668806552887, 0.8008981545766195]",79.5
exp7_2_batchnorm_dropout,5,83.64779874213836,"[1.187217789888382, 0.28287377804517744, 0.09270783625543118, 0.029302545450627805, 0.012899855338037013, 0.008166783396154642, 0.0053260713582858445, 0.004112800839357078, 0.003477280214428902, 0.002990300743840635, 0.0026573682203888892, 0.002390297967940569, 0.002175247063860297, 0.0019867582712322475]","[1.02114737033844, 0.9853022297223409, 1.1726545095443726, 1.2809093991915386, 1.300803542137146, 1.2900402347246807, 1.2975784142812092, 1.3047641317049663, 1.3108106851577759, 1.311387062072754, 1.315079112847646, 1.3184734185536702, 1.3267343640327454, 1.3326761325200398]",78.5
exp7_2_batchnorm_dropout,1,81.25,"[1.2055267095565796, 0.3115314424037933, 0.100866923853755, 0.03381781075149774, 0.019727453496307133, 0.02378579624928534, 0.016461154352873562, 0.010784436855465174, 0.008450458501465618, 0.00793913749512285, 0.015480182017199695, 0.008500041672959924, 0.0031871506362222135, 0.021807630662806332, 0.009005147882271558, 0.03866250870050862, 0.006021931278519332, 0.012551674188580364, 0.017714657669421284]","[0.921058456103007, 0.837977925936381, 0.6497754057248434, 0.6513435443242391, 0.647007425626119, 0.616191585858663, 0.6143397092819214, 0.631945530573527, 0.6276309490203857, 0.6760943333307902, 0.6489927570025126, 0.6416639685630798, 0.678377111752828, 0.6558600266774496, 0.7121725281079611, 0.6595181425412496, 0.6509169340133667, 0.7165491382280985, 0.663563052813212]",78.5
exp7_2_batchnorm_dropout,2,81.25,"[1.2842193305492402, 0.31473843306303023, 0.09563071206212044, 0.03205045033246279, 0.014856286719441414, 0.008358233654871584, 0.005915948282927274, 0.004725892771966755, 0.0039288983680307865, 0.0034068807028234003, 0.003017774852924049, 0.0027108010603114963, 0.002453408727888018]","[0.9091051816940308, 0.7676177620887756, 0.7230922182401022, 0.7118700742721558, 0.718352198600769, 0.728034238020579, 0.7379662791887919, 0.7382475733757019, 0.7373500068982443, 0.7427423993746439, 0.748834510644277, 0.7538332343101501, 0.7573243379592896]",77.5
exp7_2_batchnorm_dropout,3,88.75,"[1.258568525314331, 0.32756453901529314, 0.10933412164449692, 0.06842413805425167, 0.04023693753406406, 0.015177188627421855, 0.010929695889353752, 0.010368910664692522, 0.010634687310084701, 0.007879039319232107, 0.006300728907808662, 0.006910598347894847, 0.006492575653828681, 0.008682225341908633, 0.010496573452837766, 0.0061101641389541324, 0.005397695675492286, 0.011056395806372165, 0.0059189171297475696, 0.012085759127512575]","[0.6073134144147238, 0.42624367276827496, 0.5010799368222555, 0.4432239929835002, 0.45904086033503216, 0.4095799724260966, 0.4021286467711131, 0.395379106203715, 0.402850478887558, 0.3857085307439168, 0.3842040499051412, 0.3861316243807475, 0.3787768731514613, 0.3850742479165395, 0.3888107240200043, 0.3844990034898122, 0.37749214470386505, 0.3906395733356476, 0.37393195927143097, 0.38152529795964557]",79.5
exp7_2_batchnorm_dropout,4,81.875,"[1.1730402946472167, 0.295057388395071, 0.07765739411115646, 0.03448535641655326, 0.01610340178012848, 0.011610995791852475, 0.012054842710494996, 0.007336120819672942, 0.013150150910951197, 0.009286987851373852]","[0.9358410636583964, 0.8054970502853394, 0.8713712493578593, 0.7973248759905497, 0.7648189862569174, 0.7710755268732706, 0.7581049998601278, 0.8186178008715311, 0.7877963383992513, 0.7942487796147665]",79.5
exp7_2_batchnorm_dropout,5,84.90566037735849,"[1.2108362555503844, 0.27281264662742616, 0.08995036631822587, 0.027514475770294665, 0.014211844280362129, 0.008060982218012214, 0.005612600268796087, 0.004445521114394069, 0.003738314798101783, 0.0032871788600459693, 0.002898946078494191]","[1.004400372505188, 1.0045345425605774, 1.105678955713908, 1.0721057156721752, 1.1220029791196187, 1.165221114953359, 1.1801904638608296, 1.1836283802986145, 1.1846403280893962, 1.1862270832061768, 1.1905614137649536]",78.5
exp2_1_deep,1,81.875,"[2.2037346363067627, 1.799297821521759, 1.35567764043808, 0.9911876618862152, 0.7073164880275726, 0.49250518083572387, 0.345209464430809, 0.2251237764954567, 0.14831493496894838, 0.09647094868123532, 0.061145993135869506, 0.03794596437364817, 0.02718713553622365, 0.02047875300049782, 0.01495438339188695, 0.011858942313119769, 0.012363303685560822, 0.008605116698890924, 0.01092628580518067, 0.014610908227041364, 0.007972784899175167, 0.013453047629445792, 0.004807253996841609, 0.00938394209370017, 0.007314430153928697, 0.0066518381354399025, 0.0060809854418039325]","[2.060442407925924, 1.6680217186609905, 1.2799884875615437, 1.085160732269287, 0.9552136858304342, 0.8605845967928568, 0.8171264926592509, 0.7646302382151285, 0.7831039826075236, 0.7466203570365906, 0.7579970161120096, 0.7649914026260376, 0.7663108905156454, 0.7909417549769083, 0.7894078095753988, 0.7997373739878336, 0.8081230521202087, 0.8334199984868368, 0.8287973999977112, 0.8345960776011149, 0.8805897434552511, 0.8419764637947083, 0.8599636952082316, 0.8537990053494772, 0.8612768650054932, 0.8604766527811686, 0.8605687816937765]",76.5
exp2_1_deep,2,76.25,"[2.212976598739624, 1.786561417579651, 1.3016366958618164, 0.911540287733078, 0.6209501147270202, 0.3967815786600113, 0.2618196412920952, 0.15768668428063393, 0.09376658983528614, 0.05418420396745205, 0.030017438903450967, 0.018125899508595465, 0.012208774918690324, 0.008665868639945984, 0.006743913143873214, 0.005397384567186236, 0.004554195096716285]","[2.0190656582514444, 1.5504674911499023, 1.2333218653996785, 1.0139386057853699, 0.8842854897181193, 0.8561220367749532, 0.7853859464327494, 0.7879845897356669, 0.7960803906122843, 0.8396085699399313, 0.8743408918380737, 0.9483175476392111, 0.9673835237820944, 0.9673936565717062, 0.9897833665211996, 1.008681873480479, 1.0276970664660137]",74.5
exp2_1_deep,3,84.375,"[2.1583065032958983, 1.6987047433853149, 1.2960435509681703, 0.9380266547203064, 0.648043230175972, 0.44315441846847536, 0.29190336912870407, 0.18869751319289207, 0.11042613461613655, 0.06221855692565441, 0.03823551423847675, 0.02565321624279022, 0.028055958356708287, 0.05435461951419711, 0.029128225101158024, 0.014481735415756702, 0.01551437987945974, 0.013286608923226594, 0.008980902307666839, 0.013972128671593965, 0.011687564942985774, 0.006234626402147114]","[1.891839623451233, 1.4750923713048298, 1.1397137641906738, 0.8809048334757487, 0.690357486406962, 0.6317967971165975, 0.5651572247346243, 0.5589978893597921, 0.5223619639873505, 0.517049511273702, 0.4881504575411479, 0.5596376260121664, 0.5843614439169565, 0.6376375754674276, 0.5231086512406667, 0.5435810585816702, 0.5294873118400574, 0.5040499667326609, 0.523724635442098, 0.5005214810371399, 0.543656716744105, 0.5180772244930267]",76.5
exp2_1_deep,4,80.625,"[2.20830442905426, 1.7612783670425416, 1.3324525713920594, 0.9838178217411041, 0.6790701508522033, 0.44035986363887786, 0.27408900707960127, 0.17413427233695983, 0.10746707245707512, 0.06262626200914383, 0.04475461654365063, 0.030625411309301853, 0.020142451301217078, 0.017362162470817566, 0.01271907682530582, 0.014185455022379756, 0.012980162468738853, 0.010152779496274888, 0.0149092125473544, 0.008957729069516062]","[2.0071821212768555, 1.5821401675542195, 1.3208547035853069, 1.0994019508361816, 1.00058780113856, 0.9119442502657572, 0.8888068199157715, 0.8568492531776428, 0.8728357950846354, 0.8300513426462809, 0.9365865786870321, 0.8990979989369711, 0.9371770024299622, 0.9489484031995138, 0.9425137639045715, 0.9603703816731771, 0.9699549873669943, 0.9871912201245626, 0.983453114827474, 1.0352136492729187]",79.5
exp2_1_deep,5,81.76100628930817,"[2.2204349756240847, 1.838965106010437, 1.3101553916931152, 0.9075937330722809, 0.6156181037425995, 0.41246601939201355, 0.2762212365865707, 0.18487993031740188, 0.11921346224844456, 0.06672463081777096, 0.037457709386944774, 0.023629631847143173, 0.015620625298470258, 0.011443662131205201, 0.008726803166791797, 0.007063840888440609, 0.005779341841116547, 0.004920908808708191, 0.004227530164644122]","[2.073694944381714, 1.620072364807129, 1.2568936944007874, 0.9933687845865885, 0.9389558434486389, 0.8521290818850199, 0.8369260430335999, 0.8433456818262736, 0.8841009736061096, 0.8540719946225485, 0.8582643667856852, 0.862226128578186, 0.878091832002004, 0.887365460395813, 0.8963625629742941, 0.905228833357493, 0.9185074766476949, 0.9282848437627157, 0.9344141483306885]",74.5
exp2_2_deep,1,79.375,"[2.1503108978271483, 1.7646180987358093, 1.4890400767326355, 1.1632647275924684, 0.8282236635684967, 0.5618161588907242, 0.3656488984823227, 0.23313169032335282, 0.13685213252902031, 0.08416958414018154, 0.050719944015145305, 0.034534543938934806, 0.023176216799765826, 0.015060745878145099, 0.016147615434601904, 0.013803083263337613, 0.014926802506670356]","[1.9576094150543213, 1.7038314739863079, 1.4635374546051025, 1.211498459180196, 0.9688836137453715, 0.8263165156046549, 0.7461920579274496, 0.7427277763684591, 0.7829806407292684, 0.7217137614885966, 0.7383692860603333, 0.7762397726376852, 0.7800716757774353, 0.7869627078374227, 0.785189688205719, 0.833748459815979, 0.8712580601374308]",76.0
exp2_2_deep,2,76.875,"[2.191875922679901, 1.807186758518219, 1.440517520904541, 1.0266135156154632, 0.6679879546165466, 0.42392430603504183, 0.2671701699495316, 0.17427762150764464, 0.09735726825892925, 0.05658861473202705, 0.03190899519249797, 0.018313692696392537, 0.012040917109698058, 0.00805577440187335, 0.006345719681121409, 0.005065188184380532]","[1.9881232976913452, 1.673744837443034, 1.3321059147516887, 1.0207337141036987, 0.8775015870730082, 0.8521514932314554, 0.8690819144248962, 0.8554424047470093, 0.8772554397583008, 0.8345819115638733, 0.897715171178182, 0.9248411456743876, 0.9264674186706543, 0.9613839586575826, 0.9802645444869995, 0.9913914203643799]",77.5
exp2_2_deep,3,85.0,"[2.173169994354248, 1.688217318058014, 1.3007632493972778, 0.9720714330673218, 0.702413809299469, 0.49925716519355773, 0.3321946859359741, 0.22339037358760833, 0.13868218585848807, 0.07904494740068913, 0.049693693220615384, 0.0371768182143569, 0.019179570116102697, 0.018884473387151955, 0.012450384069234132, 0.018349541118368506]","[1.884170691172282, 1.4352099895477295, 1.144262433052063, 0.9199709296226501, 0.7462028463681539, 0.6228987574577332, 0.583194742600123, 0.4913181662559509, 0.47054558992385864, 0.47586018840471905, 0.5160075028737386, 0.48017682631810504, 0.47856592138608295, 0.500782827536265, 0.5143333276112875, 0.4773063560326894]",77.5
exp2_2_deep,4,80.0,"[2.199404406547546, 1.7838950753211975, 1.3657522797584534, 1.0035337269306184, 0.7312300205230713, 0.5143939673900604, 0.35746854841709136, 0.2387557476758957, 0.15073145180940628, 0.08744178228080272, 0.05535201355814934, 0.036327023059129715, 0.02274222271516919, 0.016417949460446835, 0.017257414758205414, 0.012071398925036192, 0.012783524766564369, 0.007667012955062091, 0.008183696819469333, 0.005621243175119162, 0.007405395619571209, 0.008862212218809873]","[2.0196282068888345, 1.665257493654887, 1.3379619121551514, 1.1483190059661865, 1.0916499098141987, 0.9473057389259338, 0.942560871442159, 0.9618651469548544, 0.9553671479225159, 0.9744125008583069, 0.9800453186035156, 1.019994815190633, 1.0514766375223796, 1.065032919247945, 1.0625592867533367, 1.067751169204712, 1.0914069612820942, 1.1236973802248638, 1.1301911075909932, 1.1353148221969604, 1.1366249521573384, 1.1397366523742676]",76.5
exp2_2_deep,5,82.38993710691824,"[2.201341676712036, 1.7309494495391846, 1.2047112107276916, 0.8001698553562164, 0.5316454350948334, 0.3453337728977203, 0.2222837522625923, 0.1305575765669346, 0.07545972093939782, 0.04557622782886028, 0.028014523908495903, 0.01862536184489727, 0.012980943452566862, 0.009570653829723597]","[2.028371055920919, 1.5309864679972331, 1.1524078051249187, 0.9667755365371704, 0.889487604300181, 0.8754753867785136, 0.8583521246910095, 0.887507975101471, 0.9238260785738627, 0.9644604325294495, 0.9955878655115763, 1.0226555069287617, 1.0496736566225688, 1.080576757589976]",74.0
exp2_3_deep,1,81.875,"[2.183230400085449, 1.7501924753189086, 1.3019154906272887, 0.8945313274860383, 0.6262110412120819, 0.42644934058189393, 0.2844419121742249, 0.18943061605095862, 0.10968830734491349, 0.07001867480576038, 0.04108705371618271, 0.03490189742296934, 0.028824052028357982, 0.015528554469347, 0.011838985560461878, 0.009403329342603683, 0.01656434794422239, 0.01217626193538308, 0.009059928171336652, 0.010747693129815161, 0.00972910417476669, 0.010407278302591295, 0.012727721582632513]","[1.9949761629104614, 1.5798880259195964, 1.1805299917856853, 0.9963309566179911, 0.9202035268147787, 0.7928935090700785, 0.734675923983256, 0.7260838945706686, 0.7360953887303671, 0.7113555471102396, 0.7282367746035258, 0.7347212632497152, 0.7832415501276652, 0.7325416604677836, 0.7723830143610636, 0.7564024527867635, 0.7746407787005106, 0.7636028925577799, 0.8032528956731161, 0.7949645320574442, 0.7798320452372233, 0.8028315107027689, 0.7893690665562948]",73.5
exp2_3_deep,2,80.0,"[2.201411986351013, 1.812265968322754, 1.4110067367553711, 1.0343625664710998, 0.7152242660522461, 0.48097549974918363, 0.32454284727573396, 0.19363747388124466, 0.12024839594960213, 0.06835441123694182, 0.039967328496277335, 0.02491698507219553, 0.016277643386274576, 0.011464893072843551, 0.00827640718780458, 0.006372378021478653, 0.005111489933915437, 0.004285777453333139, 0.0036008751019835474, 0.003083577426150441, 0.002674016822129488]","[2.001487930615743, 1.5806256135304768, 1.2300649483998616, 1.0127913355827332, 0.8867782354354858, 0.7961546977361044, 0.7835341691970825, 0.7484200596809387, 0.755236824353536, 0.7946395874023438, 0.7933673858642578, 0.8383678197860718, 0.874806821346283, 0.8726240396499634, 0.8999661405881246, 0.9182055592536926, 0.9311356743176779, 0.948179304599762, 0.9616126815478007, 0.9739091197649637, 0.9849686423937479]",78.5
exp2_3_deep,3,85.625,"[2.158048701286316, 1.7542513489723206, 1.4061195373535156, 1.1354279577732087, 0.9023850500583649, 0.6458783954381943, 0.4151810646057129, 0.25511549413204193, 0.14428715929389, 0.08891033641993999, 0.05730983894318342, 0.029847201891243458, 0.023544561956077813, 0.022222382575273515, 0.015441090799868107, 0.017363507812842727, 0.007773937680758536]","[1.8967629273732503, 1.5566405057907104, 1.287816007932027, 1.080396592617035, 0.8889430363972982, 0.7544568181037903, 0.564985603094101, 0.5328861176967621, 0.48418423533439636, 0.46607868870099384, 0.48070497314135235, 0.4718281328678131, 0.5013278722763062, 0.4827859401702881, 0.5818406343460083, 0.5013009707132975, 0.4965144594510396]",77.5
exp2_3_deep,4,78.75,"[2.2136001586914062, 1.7784837365150452, 1.3197949886322022, 0.9010789453983307, 0.6242897778749465, 0.4350315749645233, 0.2857941806316376, 0.1852166920900345, 0.11832633465528489, 0.068268558755517, 0.0407879639416933, 0.026553856488317252, 0.02261233823373914, 0.02100541489198804, 0.019673344399780034, 0.009896893985569477, 0.009011614648625255, 0.012371107330545783]","[2.0274396737416587, 1.6513723134994507, 1.2895501852035522, 1.046010176340739, 1.0162967840830486, 0.9132814208666483, 0.910703202088674, 0.9035781621932983, 0.9593280951182047, 0.9137072364489237, 0.9799370964368185, 1.0090015530586243, 1.02152419090271, 1.0488313833872478, 1.0765283902486165, 1.095480481783549, 1.1469019254048665, 1.109480579694112]",75.0
exp2_3_deep,5,82.38993710691824,"[2.1917656660079956, 1.7532622814178467, 1.3635530471801758, 1.0167916476726533, 0.7042315661907196, 0.4635067880153656, 0.2940137654542923, 0.18328543603420258, 0.1104212909936905, 0.06763744428753853, 0.03904545679688454, 0.024211621657013894, 0.01581106837838888, 0.011205033352598547, 0.008573513198643922, 0.006577733834274113, 0.005329951923340559, 0.00461278276052326]","[1.9675927956899006, 1.5929945707321167, 1.2797085046768188, 1.0716575582822163, 0.9157537817955017, 0.8417423168818156, 0.8013096849123637, 0.749945878982544, 0.7216234008471171, 0.7580066919326782, 0.7641373674074808, 0.818372368812561, 0.8153347373008728, 0.8173964023590088, 0.8335797786712646, 0.8483658830324808, 0.8595327536265055, 0.8681995073954264]",77.0
exp3_1_deep,1,77.5,"[2.1905471682548523, 1.7782074451446532, 1.2469630122184754, 0.8686913549900055, 0.6165246307849884, 0.42818408012390136, 0.2939065799117088, 0.1947843998670578, 0.1305939584970474, 0.08640609644353389, 0.056460685282945636, 0.044571065716445445, 0.030994765087962152, 0.023262871708720923, 0.019719848548993467, 0.016378419753164054, 0.015413682395592331, 0.013398918602615596, 0.009284263849258423, 0.007018146943300963, 0.006996586848981678, 0.007650980586186051, 0.011020531435497105, 0.00756845761789009, 0.006905127805657685, 0.00964840449159965]","[2.047034740447998, 1.6215312083562214, 1.2217731873194377, 1.0720028082529705, 0.9557962020238241, 0.8692593574523926, 0.8326506614685059, 0.808400293191274, 0.8249655365943909, 0.8121597766876221, 0.8168984452883402, 0.8047932187716166, 0.8408401807149252, 0.8223952849706014, 0.8546242316563925, 0.8454380432764689, 0.8422448039054871, 0.8651774326960245, 0.8596705198287964, 0.8602125843365988, 0.8648279309272766, 0.869759996732076, 0.8732421398162842, 0.8694467544555664, 0.8767769734064738, 0.8805410265922546]",78.0
exp3_1_deep,2,78.75,"[2.2020001888275145, 1.767673122882843, 1.2797371745109558, 0.9442990601062775, 0.6716794729232788, 0.46050535440444945, 0.28301199376583097, 0.17869510874152184, 0.1109890304505825, 0.062391484156250954, 0.03480205126106739, 0.02239729408174753, 0.01430381266400218, 0.009845290472730995, 0.007664857478812337, 0.005950960027985275, 0.004884871561080218, 0.004039674694649875, 0.00342907824087888]","[2.0059096415837607, 1.5311635732650757, 1.2374191284179688, 1.0583328008651733, 0.9575360218683878, 0.8541261355082194, 0.8215325077374777, 0.8334681193033854, 0.8376843531926473, 0.8375441233317057, 0.8439297477404276, 0.8541664878527323, 0.8818469246228536, 0.886504073937734, 0.9132596850395203, 0.937445859114329, 0.9369042118390402, 0.9492126901944479, 0.9577638308207194]",78.5
exp3_1_deep,3,86.25,"[2.189628338813782, 1.7185468554496766, 1.2706566452980042, 0.8889332175254822, 0.6307272017002106, 0.4380733549594879, 0.28776423931121825, 0.19594673439860344, 0.12503667026758195, 0.07722186110913754, 0.04670003596693277, 0.033265949226915836, 0.02497579390183091, 0.015741296391934157, 0.015496723633259536, 0.013037992408499122, 0.012902356777340173, 0.008290095999836922, 0.007179944845847786, 0.012667955690994858, 0.007391525921411813, 0.009620328317396343, 0.008492981293238699, 0.010416014841757715, 0.009737929399125277, 0.011404456221498549, 0.010567777988035232]","[1.9362967014312744, 1.4539072910944622, 1.1111275951067607, 0.8395955363909403, 0.6932397286097208, 0.5463818510373434, 0.5215205053488413, 0.5000249147415161, 0.48991815249125165, 0.47417934735616046, 0.4744172990322113, 0.492354820171992, 0.4555445412794749, 0.5076397160689036, 0.4672914346059163, 0.5049128731091818, 0.48235570391019184, 0.4905283451080322, 0.4866749842961629, 0.49173008402188617, 0.5043255686759949, 0.48171279827753705, 0.532992551724116, 0.4809971551100413, 0.5372084081172943, 0.515917956829071, 0.5063368280728658]",77.0
exp3_1_deep,4,80.0,"[2.1790222048759462, 1.8151605248451232, 1.4645196080207825, 1.0906984865665437, 0.7765966892242432, 0.5722526103258133, 0.41498381197452544, 0.28847214877605437, 0.1914976194500923, 0.12956845611333848, 0.07620149254798889, 0.046076061017811296, 0.02823970029130578, 0.0203023137524724, 0.01696096984669566, 0.02237486159428954, 0.014997529331594706, 0.009616130799986421, 0.013808588264510036, 0.011480452422983945, 0.01252180936280638, 0.00872277298476547, 0.006614265334792435, 0.008531692146789283]","[1.9918328126271565, 1.7648324569066365, 1.4649563630421956, 1.1857415835062664, 1.0956768194834392, 0.997119128704071, 0.9634500741958618, 0.9542351961135864, 0.9349664251009623, 0.970906654993693, 1.0090685685475667, 0.9924317598342896, 1.0239624381065369, 1.033999780813853, 1.0704149802525837, 1.0931902925173442, 1.1043527722358704, 1.1132424275080364, 1.117741584777832, 1.1313043435414631, 1.1369430621465046, 1.1405585606892903, 1.15138844648997, 1.164392391840617]",76.5
exp3_1_deep,5,81.13207547169812,"[2.1946861028671263, 1.7816295504570008, 1.3484403491020203, 1.0132286429405213, 0.7025817990303039, 0.4791335016489029, 0.3317364349961281, 0.1997808523476124, 0.12382839359343052, 0.07476433664560318, 0.04012214690446854, 0.024384963046759366, 0.015475370269268752, 0.010829119198024272, 0.00813790843822062, 0.0063830023165792225]","[2.0018422603607178, 1.6094688574473064, 1.3306216597557068, 1.0722990036010742, 0.9194799661636353, 0.9172591765721639, 0.8728530406951904, 0.8784090280532837, 0.8849023083845774, 0.9068593581517538, 0.9491356909275055, 0.9824429949124655, 1.013916293780009, 1.0289764404296875, 1.0464832584063213, 1.061626931031545]",75.0
exp3_2_deep,1,83.125,"[2.0963841319084167, 1.306589663028717, 0.7885514855384826, 0.5136194467544556, 0.2845030963420868, 0.17312236577272416, 0.0877238441258669, 0.03999649994075298, 0.03426352273672819, 0.0299727494828403, 0.02063427553512156, 0.010865756892599165, 0.009799891407601536, 0.007272920990362764, 0.0071714478079229595, 0.005866733659058809, 0.008205741131678223]","[1.6973363161087036, 1.1283175150553386, 0.9245208899180094, 0.7969287236531576, 0.6957004268964132, 0.7210244139035543, 0.6970264514287313, 0.6919400294621786, 0.6729302406311035, 0.6646521687507629, 0.6623702446619669, 0.6778066356976827, 0.6984121004740397, 0.6866307457288107, 0.6924049258232117, 0.6992082397143046, 0.7061354120572408]",76.0
exp3_2_deep,2,80.0,"[2.0527172446250916, 1.395071518421173, 0.8980875253677368, 0.5656320452690125, 0.3196362301707268, 0.16580376997590066, 0.0730071734637022, 0.03100296324118972, 0.014157119300216436, 0.007090271031484008, 0.004274604632519186, 0.0031212174100801347]","[1.5947821140289307, 1.2037139336268108, 0.8825799226760864, 0.8074804147084554, 0.7327128052711487, 0.7228082815806071, 0.7936167120933533, 0.7972974181175232, 0.8350974122683207, 0.8958596984545389, 0.924358069896698, 0.9366456866264343]",77.0
exp3_2_deep,3,87.5,"[2.111974668502808, 1.4195974469184875, 0.9363687217235566, 0.5837384283542633, 0.3729683369398117, 0.2023693636059761, 0.11738239303231239, 0.05423949584364891, 0.025696280319243668, 0.012767111510038376, 0.010399637022055685, 0.008182448870502412, 0.008346316241659223, 0.006781281507574022, 0.005133765644859523, 0.005907701712567359, 0.004515307734254748]","[1.6879702011744182, 1.1162137786547344, 0.7816075483957926, 0.5597318907578787, 0.6354616483052572, 0.4507218897342682, 0.49951692422231037, 0.4410603145758311, 0.4368133842945099, 0.4143604040145874, 0.4293084343274434, 0.4288230737050374, 0.4184485177199046, 0.421156108379364, 0.4176288942495982, 0.42295271158218384, 0.4222736557324727]",79.5
exp3_2_deep,4,83.125,"[2.076417875289917, 1.3070260286331177, 0.8287436068058014, 0.586976420879364, 0.3552574560046196, 0.1969580203294754, 0.1068999081850052, 0.054520730301737784, 0.055490171909332274, 0.026604437548667193, 0.022715546190738678, 0.015636096894741058, 0.01512504678685218, 0.00860956080723554, 0.016874185146298258, 0.006944153027143329, 0.005030208977404982, 0.005034835764672607]","[1.6966155767440796, 1.171891689300537, 1.0513636668523152, 0.9034348527590433, 0.8147241870562235, 0.8718509674072266, 0.8771716554959615, 0.8912513653437296, 0.8821008801460266, 0.8635854125022888, 0.9129814108212789, 0.949235757191976, 0.9600028196970621, 1.0625159939130147, 0.9582480788230896, 0.9672123193740845, 0.9857160449028015, 0.9942811926205953]",79.0
exp3_2_deep,5,83.01886792452831,"[2.1169710516929627, 1.440827202796936, 0.913531357049942, 0.5580764055252075, 0.3439208149909973, 0.2059780016541481, 0.10711884200572967, 0.059471070393919946, 0.025289745442569254, 0.015651747304946183, 0.007317202491685748, 0.004793596058152616, 0.003362714545801282, 0.002620069310069084, 0.00223712557926774, 0.0018628072808496653, 0.0016285750200040639, 0.0014444301137700676, 0.001271230517886579, 0.0011489780386909842, 0.0010383784130681307, 0.0009416932531166822, 0.0008610251185018569]","[1.8025380770365398, 1.4235798120498657, 1.0375304023424785, 0.9307268460591634, 0.9602474371592203, 1.036445418993632, 1.0524105032285054, 1.1537184913953145, 1.1825183828671773, 1.2888509631156921, 1.3764955600102742, 1.4157629211743672, 1.4532423218091328, 1.4793673356374104, 1.4960566361745198, 1.5060372352600098, 1.5164074500401814, 1.5350404183069866, 1.551321029663086, 1.5619463125864665, 1.5717504223187764, 1.579977015654246, 1.5906752943992615]",75.5
exp3_3_deep,1,80.0,"[2.202245306968689, 1.94671870470047, 1.7711026668548584, 1.567149806022644, 1.3345215320587158, 1.1178202152252197, 0.930555272102356, 0.7550220787525177, 0.6011117726564408, 0.4615029603242874, 0.35231572687625884, 0.26305686980485915, 0.19091833382844925, 0.142193041741848, 0.11577520221471786, 0.09235637709498405, 0.0704073878005147, 0.04653636123985052, 0.043457251787185666, 0.02644416019320488, 0.029530748911201953, 0.026261043455451726, 0.018757209833711385, 0.01502478807233274, 0.018186713196337224]","[2.0491397778193154, 1.8761240243911743, 1.7106424570083618, 1.5372196833292644, 1.3595597743988037, 1.2203170855840046, 1.1157753467559814, 1.0164524912834167, 0.9164943893750509, 0.8526836633682251, 0.7791950305302938, 0.718461791674296, 0.7070719202359518, 0.6947415669759115, 0.7223363518714905, 0.6847375233968099, 0.6621019840240479, 0.6581294139226278, 0.6661513447761536, 0.6983116865158081, 0.6918144623438517, 0.6831182638804117, 0.6783816417058309, 0.6822029153505961, 0.6854874094327291]",77.0
exp3_3_deep,2,76.875,"[2.242815852165222, 2.016193222999573, 1.779909121990204, 1.567140519618988, 1.3818981170654296, 1.2193037629127503, 1.0763764381408691, 0.9485832571983337, 0.8174439907073975, 0.6795005798339844, 0.5402159005403518, 0.3994938552379608, 0.2734008774161339, 0.17111935317516327, 0.10259983912110329, 0.06746626533567905, 0.04501507300883532, 0.031511901319026946, 0.02334160329774022, 0.018500448018312455, 0.015198965463787318, 0.012699837377294899, 0.010889462335035205, 0.00929489773698151, 0.008226693514734507, 0.0072462163399904965, 0.00658154038246721, 0.005832096491940319, 0.005166508746333421, 0.004651160445064306, 0.004189154878258705, 0.003574311500415206]","[2.126911481221517, 1.8789350589116414, 1.6767440636952717, 1.5241999626159668, 1.417759378751119, 1.3244572877883911, 1.2463876008987427, 1.1971153020858765, 1.1266497770945232, 1.0787243843078613, 1.0248619516690571, 0.9817190170288086, 0.9803519050280253, 0.975615382194519, 0.9577701489130656, 0.9752962787946066, 0.9938646157582601, 1.0345373153686523, 1.0490482648213704, 1.053553581237793, 1.0689179301261902, 1.085002859433492, 1.1040546894073486, 1.1160828669865925, 1.1264450351397197, 1.1347931424776714, 1.1408875783284504, 1.1588184038798015, 1.1660708983739216, 1.172734757264455, 1.1825957695643108, 1.1942049463589985]",73.0
exp3_3_deep,3,83.125,"[2.241750717163086, 1.9900709867477417, 1.7068757891654969, 1.4211100578308105, 1.119949221611023, 0.8702767431735993, 0.6757335960865021, 0.5242744863033295, 0.38579088598489764, 0.2898038297891617, 0.2108999863266945, 0.14750654622912407, 0.10669965371489525, 0.0786022625863552, 0.05996919088065624, 0.048141812719404695, 0.03572408687323332, 0.0317640008404851, 0.028012042865157127, 0.019436228182166816, 0.016722162999212743, 0.025548923620954157, 0.01612655259668827, 0.015483082132413983, 0.008611370390281082, 0.012286444008350373, 0.013270179368555545, 0.015914441412314774, 0.007779494184069336, 0.00989690215792507, 0.009286782587878406, 0.006586863100528717, 0.008491868246346712, 0.006943311030045152]","[2.109539349873861, 1.8110568126042683, 1.5601225694020588, 1.3133358558019002, 1.0980497002601624, 0.9394214749336243, 0.8204957048098246, 0.7426204284032186, 0.7044439315795898, 0.640146921078364, 0.638793965180715, 0.6129322449366251, 0.6060361464818319, 0.6215425133705139, 0.635190506776174, 0.6367775599161783, 0.644819955031077, 0.6489713788032532, 0.6616579095522562, 0.6706347266832987, 0.6961811184883118, 0.6845972736676534, 0.6905379295349121, 0.6905979514122009, 0.7120048403739929, 0.7170297106107076, 0.7188317775726318, 0.7150660157203674, 0.7343606948852539, 0.740197996298472, 0.7386841376622518, 0.7383886377016703, 0.7448294758796692, 0.7491006453831991]",77.0
exp3_3_deep,4,79.375,"[2.262751054763794, 2.0333775639533997, 1.7107125520706177, 1.3817402005195618, 1.111655592918396, 0.8619367361068726, 0.6575799465179444, 0.49405924081802366, 0.3778852730989456, 0.2777328610420227, 0.21505770087242126, 0.15890299528837204, 0.12145544365048408, 0.09036799594759941, 0.07038114480674267, 0.05166560281068087, 0.04134484957903624, 0.03197605181485415, 0.02710765227675438, 0.02329429192468524]","[2.1754867235819497, 1.9307584762573242, 1.6477165222167969, 1.4525548617045085, 1.2795984347661336, 1.1399986346562703, 1.0338503519694011, 1.0250402291615803, 0.9457149704297384, 1.0062127908070881, 0.9658698042233785, 1.0324548085530598, 1.0133248170216878, 1.0952898661295574, 1.1035240093866985, 1.1325750350952148, 1.1559742093086243, 1.1849968632062275, 1.2209296425183613, 1.2343282500902812]",76.0
exp3_3_deep,5,79.24528301886792,"[2.2260945796966554, 1.955355167388916, 1.5712723851203918, 1.198785424232483, 0.9169280111789704, 0.7041496425867081, 0.5524828046560287, 0.42283735871315004, 0.3208259120583534, 0.23474306166172026, 0.17394192963838578, 0.12234832718968391, 0.08586615100502967, 0.06190660446882248, 0.04456617422401905, 0.03332152683287859, 0.025695455260574818, 0.019971637427806853, 0.016244117729365827]","[2.1135982672373452, 1.8169350624084473, 1.4785961707433064, 1.235109527905782, 1.098286509513855, 1.038521687189738, 1.0040310223897297, 0.9798258940378824, 0.9731769959131876, 0.9770592053731283, 0.9737086296081543, 0.9797566930452982, 0.9950491388638815, 1.0113375584284465, 1.0288361112276714, 1.0452325344085693, 1.063910702864329, 1.0872952938079834, 1.0936359961827595]",73.0
exp4_1_dropout,1,78.75,"[2.295974588394165, 2.220006895065308, 2.1337551832199098, 2.130022478103638, 2.0306533336639405, 1.9847731232643127, 1.9353540658950805, 1.842187798023224, 1.800735604763031, 1.7545173645019532, 1.6837939143180847, 1.6523068428039551, 1.5363109946250915, 1.514972972869873, 1.4235109448432923, 1.4330188870429992, 1.3650994539260863, 1.3146983981132507, 1.2707555651664735, 1.240059781074524, 1.166525673866272, 1.1560447931289672, 1.1209818124771118, 1.0954553008079528, 0.9982804358005524, 0.9889317750930786, 0.9231293141841889, 0.9219486057758332, 0.9441838681697845, 0.8517298698425293, 0.8352898776531219, 0.7761451423168182, 0.7464322090148926, 0.7393497884273529, 0.644824531674385, 0.6347556978464126, 0.6581736505031586, 0.6073918104171753, 0.5957809209823608, 0.6122836947441102, 0.46142300963401794, 0.5752569228410721, 0.4883767902851105, 0.5211818069219589, 0.45512173771858216, 0.4503489911556244]","[2.2485673427581787, 2.1678229173024497, 2.082928737004598, 2.023399233818054, 1.9693386952082317, 1.898837685585022, 1.8267712195714314, 1.7398680051167805, 1.656794508298238, 1.5697778860727947, 1.4843390385309856, 1.4221240282058716, 1.3527156114578247, 1.2959798177083333, 1.255905032157898, 1.2167202234268188, 1.184741199016571, 1.1511149207750957, 1.1271795630455017, 1.106510619322459, 1.0897233883539836, 1.0620881915092468, 1.0284721453984578, 1.0136112769444783, 0.9788665970166525, 0.9792855978012085, 0.9541183114051819, 0.9243062337239584, 0.8967183033625284, 0.9045976400375366, 0.8813761274019877, 0.8725552956263224, 0.849472165107727, 0.8281821012496948, 0.8392247557640076, 0.8379197915395101, 0.7895772655804952, 0.7897558410962423, 0.7654002904891968, 0.799248218536377, 0.7941611607869467, 0.8379040956497192, 0.879436214764913, 0.789923369884491, 0.7658852338790894, 0.7706316709518433]",75.0
exp4_1_dropout,2,80.0,"[2.3060982704162596, 2.271209979057312, 2.2043011665344237, 2.1151514530181883, 2.062516152858734, 1.9894282817840576, 1.924316167831421, 1.8569138407707215, 1.8567006826400756, 1.7781726360321044, 1.741568124294281, 1.6579566955566407, 1.6179403066635132, 1.5535080432891846, 1.4743320941925049, 1.3650913476943969, 1.3457377791404723, 1.3209981441497802, 1.3183671712875367, 1.3010815620422362, 1.160241174697876, 1.1661840081214905, 1.126019012928009, 1.0944588959217072, 1.0432452440261841, 1.0182946860790252, 0.9815886080265045, 0.9372094988822937, 0.8940075874328614, 0.8885510921478271, 0.833721661567688, 0.7321263432502747, 0.791851794719696, 0.6867113769054413, 0.6907697170972824, 0.6858470380306244, 0.6484856575727462, 0.6516392230987549, 0.6578034460544586, 0.6026995569467545, 0.5790668994188308, 0.5308873027563095, 0.5181798189878464, 0.5267337560653687, 0.47327477037906646, 0.48748487830162046, 0.4693917095661163, 0.4527675986289978, 0.43124921470880506, 0.4420703500509262]","[2.26999560991923, 2.195058584213257, 2.082855304082235, 1.972604751586914, 1.8732756773630779, 1.7958455085754395, 1.7205179929733276, 1.62531574567159, 1.5689233938852947, 1.5034305651982625, 1.4444092114766438, 1.377742330233256, 1.3034817775090535, 1.243350863456726, 1.1915650765101116, 1.1446797847747803, 1.1043829520543416, 1.0809924999872844, 1.064267595609029, 1.0256282885869343, 0.9921150207519531, 0.9670098622639974, 0.9501156409581503, 0.9543573458989462, 0.9587559302647909, 0.9213807185490926, 0.8813408215840658, 0.8980874419212341, 0.9169907569885254, 0.8686508337656657, 0.8485154906908671, 0.836320161819458, 0.8246849576632181, 0.7843622366587321, 0.7793832023938497, 0.7720685998598734, 0.7619781692822775, 0.748462438583374, 0.7763569752375284, 0.783083458741506, 0.7661812702814738, 0.7389080127080282, 0.7365249991416931, 0.7524041136105856, 0.7380244533220927, 0.7667085727055868, 0.8148221572240194, 0.7727922995885214, 0.7314506967862447, 0.7949087421099345]",77.5
exp4_1_dropout,3,86.875,"[2.2939112901687624, 2.2363632678985597, 2.1778249979019164, 2.09998105764389, 2.0186975479125975, 1.9905233144760133, 1.8899417042732238, 1.8820189952850341, 1.7996195554733276, 1.7567164421081543, 1.707322371006012, 1.6393422842025758, 1.6333061099052428, 1.5400928139686585, 1.5104779958724976, 1.4423885107040406, 1.4083535552024842, 1.316788113117218, 1.2395906329154969, 1.237790185213089, 1.253145945072174, 1.1434050381183625, 1.0254222869873046, 1.0082941770553588, 1.0075567483901977, 0.9310602903366089, 0.9023451268672943, 0.8388140439987183, 0.8141543418169022, 0.8056276082992554, 0.7659014582633972, 0.701144814491272, 0.7894661664962769, 0.6872946679592132, 0.6281218826770782, 0.6215983718633652, 0.6035274356603623, 0.5629457980394363, 0.5850828021764756, 0.5109258860349655, 0.5709968417882919, 0.529093810915947, 0.547343909740448, 0.5917016983032226, 0.4780420452356339, 0.49015043377876283, 0.5077424496412277, 0.45640193223953246, 0.36776297688484194, 0.45433922708034513]","[2.2400447527567544, 2.141676743825277, 2.0309786796569824, 1.8955005407333374, 1.7945597171783447, 1.730640172958374, 1.6544251441955566, 1.5888639291127522, 1.5232072671254475, 1.4506546258926392, 1.382744828859965, 1.3312692642211914, 1.2718652089436848, 1.2229080597559612, 1.1795084873835247, 1.1356246868769329, 1.0804551839828491, 1.030228892962138, 0.9801004330317179, 0.9206719001134237, 0.8719386061032613, 0.8480702439943949, 0.8117344180742899, 0.782484789689382, 0.7543448408444723, 0.7136531670888265, 0.6895685791969299, 0.6783346434434255, 0.6635939677556356, 0.6226348181565603, 0.5987137059370676, 0.5950074295202891, 0.5803510149319967, 0.5849403540293375, 0.5611403485139211, 0.5276661515235901, 0.5165533324082693, 0.5040440857410431, 0.5408964653809866, 0.5149706999460856, 0.5199727018674215, 0.48698346813519794, 0.4880604147911072, 0.4831312398115794, 0.4587511420249939, 0.4907887776692708, 0.5001023014386495, 0.4843246241410573, 0.4787636597951253, 0.45343201359113056]",78.5
exp4_1_dropout,4,80.625,"[2.2927207946777344, 2.2238122701644896, 2.136536645889282, 2.1176925182342528, 2.017173707485199, 1.9865397572517396, 1.9152751803398131, 1.8738492131233215, 1.7597003340721131, 1.6667123317718506, 1.524202585220337, 1.4756276607513428, 1.425098180770874, 1.3825763821601869, 1.3316009402275086, 1.2535449504852294, 1.1848417282104493, 1.1131995856761931, 1.094785863161087, 1.0385247707366942, 0.9702262938022613, 0.9247224986553192, 0.9110011875629425, 0.8639161884784698, 0.794290941953659, 0.8238131880760193, 0.8234892964363099, 0.7915446341037751, 0.7258982956409454, 0.6764131128787995, 0.6552623808383942, 0.6651046454906464, 0.6289782762527466, 0.611873346567154, 0.5889585971832275, 0.5391084671020507, 0.5111255377531052, 0.4980789959430695, 0.5247948437929153, 0.5575453102588653, 0.5102134764194488, 0.4558628171682358, 0.4738519757986069, 0.39508519470691683]","[2.222071568171183, 2.1074257691701255, 2.006584088007609, 1.9341015815734863, 1.838724136352539, 1.7480194568634033, 1.6597613096237183, 1.5831961631774902, 1.4749152263005574, 1.3671702146530151, 1.2811696132024128, 1.193984826405843, 1.155887246131897, 1.1094328959782918, 1.0584664344787598, 1.0142712394396465, 0.9820237755775452, 0.9629341959953308, 0.9373325904210409, 0.8787355820337931, 0.8746281862258911, 0.8547574877738953, 0.853197435537974, 0.8429753184318542, 0.806048055489858, 0.8033786217371622, 0.8058391213417053, 0.831641952196757, 0.7833258310953776, 0.7872662742932638, 0.8321876525878906, 0.8438958128293356, 0.7871209780375162, 0.8327411413192749, 0.8469510277112325, 0.821655293305715, 0.8281141320864359, 0.8764889240264893, 0.859484593073527, 0.7813630104064941, 0.7836386958758036, 0.8038639227549235, 0.8197347124417623, 0.8552901943524679]",74.5
exp4_1_dropout,5,79.24528301886792,"[2.301827645301819, 2.241358685493469, 2.1684266328811646, 2.091281867027283, 2.001084876060486, 1.9250406742095947, 1.8991747736930846, 1.8570448398590087, 1.788419735431671, 1.742991030216217, 1.6899357557296752, 1.6515299558639527, 1.6052069067955017, 1.5729510188102722, 1.4908424139022827, 1.4112332463264465, 1.4038737535476684, 1.394884967803955, 1.323395013809204, 1.2674553275108338, 1.2209990978240968, 1.2046627342700957, 1.1431092977523805, 1.1031782984733582, 1.048611295223236, 0.9945491969585418, 0.9904221773147583, 0.9432142555713654, 0.8577459573745727, 0.8295430362224578, 0.8065821826457977, 0.7664643347263336, 0.7559334695339203, 0.7160396993160247, 0.6870247066020966, 0.6744831562042236, 0.6512617856264115, 0.6415752649307251, 0.6207536369562149, 0.5498982012271881, 0.5398875772953033, 0.5284796297550202, 0.4896370619535446, 0.501028972864151, 0.4745820850133896, 0.461876368522644, 0.44217292666435243, 0.38381282091140745, 0.40373567044734954, 0.4446877032518387]","[2.2431822617848716, 2.1460301876068115, 2.0152486165364585, 1.9159512519836426, 1.8273698886235554, 1.7420520385106404, 1.6986432870229085, 1.6510542631149292, 1.5983208417892456, 1.544985055923462, 1.5045974254608154, 1.464733878771464, 1.4141927162806194, 1.3550036748250325, 1.3010691404342651, 1.2533249855041504, 1.2147631645202637, 1.1778599818547566, 1.156456708908081, 1.1313795646031697, 1.0587554574012756, 0.9871668020884196, 0.9523620208104452, 0.9217989444732666, 0.9073460499445597, 0.899848222732544, 0.8603060444196066, 0.8628224730491638, 0.8785425821940104, 0.8756047288576762, 0.8269562919934591, 0.8617040117581686, 0.8663762410481771, 0.8912273844083151, 0.9656052390734354, 0.9268795251846313, 0.8825903733571371, 0.9238202969233195, 0.9619688789049784, 0.9109321435292562, 0.9389419158299764, 0.9282002846399943, 0.9123918016751608, 0.9197431206703186, 0.912760337193807, 0.9114313125610352, 0.9064292709032694, 0.8338498075803121, 0.8239912192026774, 0.9267913699150085]",76.5
exp4_2_dropout,1,76.875,"[2.282732915878296, 2.2199788808822634, 2.1431819915771486, 2.085967683792114, 2.024156665802002, 1.9508605599403381, 1.8756847620010375, 1.8665625333786011, 1.7785019755363465, 1.751107394695282, 1.6711018323898315, 1.6328503727912902, 1.5973552227020265, 1.492339062690735, 1.5009673237800598, 1.4409865140914917, 1.3784287810325622, 1.3286012530326843, 1.2752323627471924, 1.25654776096344, 1.1805652379989624, 1.1297029733657837, 1.110536563396454, 1.0064841747283935, 1.044229370355606, 0.9557085812091828, 0.9663317739963532, 0.9191653311252594, 0.9096714854240417, 0.857010954618454, 0.823868852853775, 0.7019702136516571, 0.7096937417984008, 0.6784017264842988, 0.6278466731309891, 0.6510455846786499, 0.643980959057808, 0.6429686963558197, 0.653434482216835, 0.5653216063976287]","[2.220313310623169, 2.1132240295410156, 2.0215535163879395, 1.9502770900726318, 1.8895699977874756, 1.8259191513061523, 1.7514602343241374, 1.6862874031066895, 1.6369932889938354, 1.5854518810908, 1.5426054398218791, 1.486744999885559, 1.4542341629664104, 1.3925021489461262, 1.3430492083231609, 1.2985905806223552, 1.251699407895406, 1.2165316343307495, 1.150939663251241, 1.0944623549779255, 1.0628543297449748, 1.0093416968981426, 0.9708788394927979, 0.9529402653376261, 0.9197944005330404, 0.8690163890520731, 0.8520624041557312, 0.8433216015497843, 0.8066425522168478, 0.8176830609639486, 0.8095390597979227, 0.7765967647234598, 0.7416614492734274, 0.7347609798113505, 0.7527945240338644, 0.7242178122202555, 0.7718043128649393, 0.7499707142512003, 0.712322990099589, 0.7297458449999491]",76.5
exp4_2_dropout,2,84.375,"[2.297141695022583, 2.228301978111267, 2.1766829252243043, 2.1104942083358766, 2.0571212649345396, 1.966122317314148, 1.9040026426315309, 1.8533868670463562, 1.8076871395111085, 1.7357042908668519, 1.6912923336029053, 1.6817448496818543, 1.5850544214248656, 1.5416083812713623, 1.4498979330062867, 1.4577758073806764, 1.3646294116973876, 1.3514472246170044, 1.304457712173462, 1.2590642094612121, 1.1771262109279632, 1.1627512574195862, 1.0920691549777986, 1.0692765355110168, 0.9727387607097626, 0.9031347334384918, 0.9010011196136475, 0.8907607138156891, 0.8366982161998748, 0.7999190032482147, 0.7530042171478272, 0.7281171143054962, 0.7213605403900146, 0.679360643029213, 0.645148155093193, 0.6159467905759811, 0.5957195550203324, 0.5682416319847107, 0.5536650806665421, 0.5593620419502259, 0.5098338097333908, 0.47444632947444915, 0.5000696241855621]","[2.241023540496826, 2.12370236714681, 1.9912229379018147, 1.898898959159851, 1.8160829146703084, 1.729668100674947, 1.651781439781189, 1.5889742771784465, 1.5299543539683025, 1.469551682472229, 1.4071635007858276, 1.3523541291554768, 1.3031750520070393, 1.2505906820297241, 1.1993908087412517, 1.1479671796162922, 1.101345459620158, 1.045878271261851, 1.0010433197021484, 0.96502552429835, 0.9099393486976624, 0.886795163154602, 0.8565678795178732, 0.813422421614329, 0.7799379825592041, 0.7533536354700724, 0.7274930675824484, 0.7084798216819763, 0.6896205544471741, 0.705488363901774, 0.6900167067845663, 0.629254162311554, 0.6316982706387838, 0.6842478513717651, 0.6594769060611725, 0.638938307762146, 0.66645348072052, 0.6713186701138815, 0.6254745821158091, 0.6131920317808787, 0.6153915127118429, 0.7029072642326355, 0.7255187034606934]",77.0
exp4_2_dropout,3,83.75,"[2.303592348098755, 2.2769935369491576, 2.236924386024475, 2.1589462995529174, 2.1010285377502442, 1.9952540159225465, 1.9510605692863465, 1.880227518081665, 1.8100749850273132, 1.767199492454529, 1.6515615582466125, 1.6431796669960022, 1.57367023229599, 1.5320907592773438, 1.493014109134674, 1.3869975328445434, 1.2949389576911927, 1.279660940170288, 1.245258891582489, 1.1702820658683777, 1.1394527792930602, 1.0446861147880555, 1.0752371728420258, 0.9963739395141602, 0.8907541334629059, 0.925089567899704, 0.8743087947368622, 0.8465273320674896, 0.8444069802761078, 0.8263994812965393, 0.7014002799987793, 0.7116834640502929, 0.6687754392623901, 0.6441941648721695, 0.6135575503110886, 0.5955847084522248, 0.5881535053253174, 0.5752686470746994]","[2.2819525400797525, 2.2322688897450766, 2.1596622467041016, 2.0286118586858115, 1.8793365955352783, 1.7581257820129395, 1.6737337509791057, 1.603740890820821, 1.526865045229594, 1.432812492052714, 1.3422843217849731, 1.2679190635681152, 1.2225527962048848, 1.1725985407829285, 1.1137572129567463, 1.0379066665967305, 0.9774166742960612, 0.9200448393821716, 0.8637537757555643, 0.8342376748720804, 0.7796053886413574, 0.7367993791898092, 0.7198346157868704, 0.6839978098869324, 0.6500282883644104, 0.6242093543211619, 0.6391884684562683, 0.6225717961788177, 0.6111340920130411, 0.5879213114579519, 0.5619128942489624, 0.5477640628814697, 0.5564543207486471, 0.5186548829078674, 0.5484029153982798, 0.5252991120020548, 0.48458755016326904, 0.524735301733017]",76.0
exp4_2_dropout,4,75.625,"[2.274126935005188, 2.1975685358047485, 2.117157816886902, 2.0174606919288633, 1.9375428676605224, 1.9046484112739563, 1.7882744669914246, 1.7726107239723206, 1.7160859107971191, 1.640430748462677, 1.561745548248291, 1.5293384552001954, 1.4959885835647584, 1.460944414138794, 1.4175951719284057, 1.3412248611450195, 1.2595444917678833, 1.3452807903289794, 1.2736751675605773, 1.179178738594055, 1.1717534184455871, 1.072306787967682, 1.0477580845355987, 1.0364616930484771, 0.9268124222755432, 0.9306450843811035, 0.947211641073227, 0.884779566526413, 0.7779376447200775, 0.7878307938575745, 0.7572837173938751, 0.7254371166229248, 0.6976360201835632, 0.6779299080371857, 0.6471753120422363, 0.6104183733463288, 0.5833390325307846, 0.6119579792022705, 0.6087185651063919, 0.5850290656089783, 0.5332832932472229]","[2.210878849029541, 2.091729164123535, 1.992722709973653, 1.9015044768651326, 1.8255645434061687, 1.740544080734253, 1.676056186358134, 1.6204060316085815, 1.5749201774597168, 1.5464982589085896, 1.5163838863372803, 1.4872060616811116, 1.4292315642038982, 1.3991968631744385, 1.3741766214370728, 1.315393368403117, 1.2727420727411907, 1.2579593658447266, 1.2508983612060547, 1.227196216583252, 1.1591604153315227, 1.133237322171529, 1.1578907171885173, 1.1335941155751545, 1.1217986941337585, 1.0814260045687358, 1.0966148575146992, 1.1139890154202778, 1.13316943248113, 1.1385310689608257, 1.098416268825531, 1.1157976388931274, 1.1026950081189473, 1.0905302166938782, 1.1286751826604207, 1.1606380939483643, 1.1533339420954387, 1.1340159972508748, 1.1097599267959595, 1.1075738668441772, 1.188030481338501]",74.0
exp4_2_dropout,5,80.50314465408805,"[2.2916406393051147, 2.246009087562561, 2.1872854232788086, 2.102040958404541, 2.0083553791046143, 1.9874807715415954, 1.9282400369644166, 1.809423303604126, 1.7751067757606507, 1.7504523038864135, 1.6919838786125183, 1.6201159596443175, 1.561390721797943, 1.5361030101776123, 1.4939334630966186, 1.3981359362602235, 1.3377906560897828, 1.266746425628662, 1.2821000337600708, 1.2039232969284057, 1.1411475658416748, 1.0978942155838012, 1.0687623262405395, 1.000846767425537, 0.9633458316326141, 0.9108661055564881, 0.8310466587543488, 0.8307743072509766, 0.7940083801746368, 0.7474993109703064, 0.7412187039852143, 0.732123202085495, 0.7118937611579895, 0.6523207187652588, 0.6257631599903106, 0.6041581720113754, 0.512936669588089, 0.4983505606651306]","[2.249617338180542, 2.1761837800343833, 2.070942838986715, 1.9450062115987141, 1.8404722213745117, 1.7564996878306072, 1.7014053662618, 1.6424233118693035, 1.5769810676574707, 1.5103442271550496, 1.4372936089833577, 1.3548104763031006, 1.2966566880544026, 1.2319121758143108, 1.1679653922716777, 1.0991184314092, 1.0404719710350037, 0.9951924284299215, 0.9536047379175822, 0.9138544797897339, 0.8802913427352905, 0.8649046023686727, 0.8334759076436361, 0.7958470980326334, 0.7839421431223551, 0.8032280802726746, 0.7649262348810831, 0.7419376174608866, 0.715647965669632, 0.7000540494918823, 0.6778987646102905, 0.7088885406653086, 0.6765375137329102, 0.664192279179891, 0.6765530010064443, 0.6685853203137716, 0.6469342410564423, 0.6749001145362854]",78.0
exp4_3_dropout,1,81.25,"[2.280522918701172, 2.20937716960907, 2.130515789985657, 2.1025122165679933, 2.055177462100983, 1.948989987373352, 1.9221597552299499, 1.8487402558326722, 1.8173284530639648, 1.7143624305725098, 1.673998510837555, 1.6464504837989806, 1.6079394698143006, 1.5639041423797608, 1.4870342016220093, 1.4343584656715394, 1.3813428640365601, 1.3190793514251709, 1.2711438894271851, 1.2888893485069275, 1.1982121586799621, 1.1555146038532258, 1.1501719236373902, 1.111237633228302, 1.0331054985523225, 0.9283328890800476, 0.9821834623813629, 0.9641704201698303, 0.8759815216064453, 0.9005885004997254, 0.8020697414875031, 0.8351010084152222, 0.7453924417495728, 0.7419573426246643, 0.6735602378845215, 0.7497369825839997, 0.6825811505317688, 0.5915454536676407, 0.5332535833120347, 0.6091139286756515, 0.5494847357273102, 0.5319282859563828, 0.5140730053186416, 0.5191139042377472, 0.5393215298652649, 0.46475021839141845, 0.4705067783594131, 0.45377116501331327, 0.47543320059776306, 0.416014701128006]","[2.219285806020101, 2.113119681676229, 2.0217415491739907, 1.9534001747767131, 1.8889885743459065, 1.8346182505289714, 1.773087501525879, 1.7112866242726643, 1.6516441504160564, 1.589989423751831, 1.5227384567260742, 1.4664007425308228, 1.4203264315923054, 1.373166521390279, 1.322957197825114, 1.2751439412434895, 1.2423003911972046, 1.206683913866679, 1.1970069805781047, 1.1818697055180867, 1.154842495918274, 1.1311741669972737, 1.0721482038497925, 1.0438735485076904, 1.0174747904141743, 1.0168854196866353, 1.0074053605397542, 0.9251965483029684, 0.9064710934956869, 0.9022054672241211, 0.889207104841868, 0.8689869244893392, 0.8377141356468201, 0.828140377998352, 0.8020838300387064, 0.7781740625699362, 0.7691415945688883, 0.7962016264597574, 0.7674067616462708, 0.769150952498118, 0.7660075624783834, 0.7476542194684347, 0.7695731918017069, 0.7469501495361328, 0.7469656666119894, 0.7211629748344421, 0.6941916942596436, 0.6528286735216776, 0.6946295201778412, 0.7190807859102885]",76.0
exp4_3_dropout,2,81.25,"[2.2847228050231934, 2.2203090667724608, 2.1725277423858644, 2.118186891078949, 2.0630560398101805, 1.9944355607032775, 1.9011802196502685, 1.8508869290351868, 1.8024277091026306, 1.7808430671691895, 1.7345179319381714, 1.6197258114814759, 1.5793689250946046, 1.547741997241974, 1.5064288139343263, 1.447126531600952, 1.3564082145690919, 1.3196581721305847, 1.1951663970947266, 1.1258407711982727, 1.2022949934005738, 1.053680419921875, 1.0196339309215545, 0.972742110490799, 0.9085001289844513, 0.8406681537628173, 0.8729983389377594, 0.807747620344162, 0.7801207393407822, 0.8028775751590729, 0.6959464848041534, 0.7273768484592438, 0.6571553647518158, 0.5818453639745712, 0.6042932808399201, 0.5682915270328521, 0.5914865344762802, 0.5117916136980056, 0.5263670712709427, 0.542890053987503, 0.5063282757997513, 0.4775711566209793, 0.4645509868860245, 0.4171858012676239, 0.475778329372406, 0.4460629180073738, 0.4303522288799286, 0.4188653200864792, 0.4280323892831802, 0.4363997846841812]","[2.2416981856028237, 2.1260276635487876, 2.002648909886678, 1.9205114046732585, 1.8400383392969768, 1.7623143196105957, 1.6972035964330037, 1.6422341267267864, 1.5871023734410603, 1.5584316651026409, 1.5168238878250122, 1.4712087710698445, 1.419191042582194, 1.3580989837646484, 1.310936729113261, 1.2466636896133423, 1.1793972651163738, 1.1334733963012695, 1.0604619979858398, 0.993303120136261, 0.9686120748519897, 0.9778432647387186, 0.9446081519126892, 0.9049945871035258, 0.9146108428637186, 0.9099255998929342, 0.8979000647862753, 0.8512638211250305, 0.8864756226539612, 0.8223169247309366, 0.8237413962682089, 0.8312569061915079, 0.8536765972773234, 0.881530741850535, 0.9068219860394796, 0.8724176088968912, 0.8758199413617452, 0.9298595786094666, 0.935542643070221, 0.8463391065597534, 0.8527137041091919, 0.8502251704533895, 0.8739604751269022, 0.8942035436630249, 0.8722347617149353, 0.8524085879325867, 0.9258742332458496, 0.910074512163798, 0.9499094088872274, 0.963693380355835]",77.0
exp4_3_dropout,3,86.25,"[2.2894885540008545, 2.221731948852539, 2.127351403236389, 2.0813997983932495, 1.968023157119751, 1.9549323201179505, 1.8658026218414308, 1.7698214769363403, 1.756885290145874, 1.6930285930633544, 1.698974645137787, 1.5951111435890197, 1.5639354944229127, 1.506868553161621, 1.473624575138092, 1.4800682067871094, 1.3936351418495179, 1.352059280872345, 1.353056001663208, 1.2924667358398438, 1.2735116362571717, 1.2252525687217712, 1.1855141639709472, 1.0748456358909606, 1.065630429983139, 1.0581013441085816, 1.0003956437110901, 0.9768620193004608, 0.9336891651153565, 0.8760096728801727, 0.827208685874939, 0.8047256410121918, 0.7558076024055481, 0.736359840631485, 0.7370490849018096, 0.668255352973938, 0.6893985390663147, 0.611215478181839, 0.6153132975101471, 0.6094793617725373, 0.5875034242868423, 0.5296005815267563, 0.5261281996965408, 0.5749664008617401, 0.4773917645215988, 0.45955839455127717, 0.460204017162323, 0.5339684337377548, 0.460688379406929, 0.45229922533035277]","[2.2396397590637207, 2.109945058822632, 1.9626106818517048, 1.8372104167938232, 1.758517861366272, 1.689021627108256, 1.6212349732716878, 1.5523186127344768, 1.4990353186925252, 1.4391169945398967, 1.3900331258773804, 1.3625718752543132, 1.3177173535029094, 1.2833768526713054, 1.2144555449485779, 1.1750859022140503, 1.148472746213277, 1.0977206230163574, 1.0669798056284587, 1.0266343355178833, 0.97327854235967, 0.9464059273401896, 0.9066667954126993, 0.868895411491394, 0.8446808854738871, 0.7821863293647766, 0.7965354919433594, 0.7761861483256022, 0.7087927659352621, 0.6695566177368164, 0.6420483986536661, 0.6200644473234812, 0.6093607842922211, 0.5997475683689117, 0.583060602347056, 0.5510542988777161, 0.5523815055688223, 0.5396764079729716, 0.5117597182591757, 0.47227169076601666, 0.46097548802693683, 0.5530481040477753, 0.5614306231339773, 0.44009795784950256, 0.47627460956573486, 0.48539583881696063, 0.46550867954889935, 0.48232078552246094, 0.4979843000570933, 0.507525751988093]",78.0
exp4_3_dropout,4,82.5,"[2.29956693649292, 2.282700276374817, 2.2362512588500976, 2.187585234642029, 2.1544711351394654, 2.0140405774116514, 1.9296651601791381, 1.8038651943206787, 1.7973137617111206, 1.755952823162079, 1.6236197829246521, 1.5816218614578248, 1.4944313883781433, 1.4721142411231996, 1.37412588596344, 1.3523054480552674, 1.29778733253479, 1.1996909618377685, 1.1335909485816955, 1.1418675541877747, 1.036256092786789, 1.0068768382072448, 0.9508255779743194, 0.978963190317154, 0.9489931285381317, 0.8719057440757751, 0.871317183971405, 0.8252218306064606, 0.7680317640304566, 0.7262299358844757, 0.7396107733249664, 0.7566612541675568, 0.6814133882522583, 0.6354997634887696, 0.687508225440979, 0.5853864967823028, 0.6116017401218414, 0.5806433498859406, 0.5377049148082733, 0.48902670443058016, 0.4913508415222168, 0.4712293952703476, 0.4286326259374619, 0.46884497106075285, 0.4133311718702316, 0.45184231400489805, 0.42144005596637724, 0.39381452202796935, 0.41329035460948943, 0.45958763360977173]","[2.2697426478068032, 2.2085629304250083, 2.126539389292399, 2.0314173301060996, 1.9480475982030232, 1.7950070699055989, 1.6502331097920735, 1.5236287514368694, 1.434650977452596, 1.3860088189442952, 1.3264940579732258, 1.2670955260594685, 1.2117403348286946, 1.148730198542277, 1.0985613663991292, 1.102482755978902, 1.07846333583196, 1.0402432878812153, 1.0039095679918926, 1.0050535798072815, 0.9798677563667297, 0.9632784922917684, 0.9731145699818929, 0.9387121995290121, 0.9220159451166788, 0.9497121175130209, 0.9941044052441915, 0.9710141023000082, 0.9228208462397257, 0.9283698201179504, 0.9531557361284891, 0.9649481574694315, 0.9545066356658936, 0.961105485757192, 0.9827215075492859, 0.9474410017331442, 0.9037733475367228, 0.9073047240575155, 0.9738549987475077, 1.0166239341100056, 1.0432817935943604, 1.0230021476745605, 1.0628933906555176, 1.0672596096992493, 1.0051660339037578, 0.9890050888061523, 1.0443162322044373, 1.1551205317179363, 1.164753019809723, 1.110284407933553]",78.5
exp4_3_dropout,5,83.01886792452831,"[2.2901540279388426, 2.235544776916504, 2.1623966455459596, 2.105802369117737, 2.064165437221527, 2.0121439695358276, 1.9287591576576233, 1.9187504529953003, 1.8462438821792602, 1.7686569094657898, 1.7492196083068847, 1.7090857028961182, 1.5673674106597901, 1.517615294456482, 1.5028621077537536, 1.4112905621528626, 1.380500614643097, 1.3088819146156312, 1.296787428855896, 1.2475162148475647, 1.2003237724304199, 1.196386206150055, 1.0939743638038635, 1.0028514087200164, 0.9865151941776276, 0.9556614756584167, 0.9848416745662689, 0.8969492793083191, 0.8869015514850617, 0.82974613904953, 0.7940993845462799, 0.7960525810718536, 0.6981143951416016, 0.6497946977615356, 0.6233263552188874, 0.6268643915653229, 0.5734593033790588]","[2.236140410105387, 2.155921141306559, 2.070732037226359, 1.992185910542806, 1.9258211851119995, 1.8557130893071492, 1.7616737683614094, 1.69230318069458, 1.6044875383377075, 1.539122740427653, 1.4695661067962646, 1.4435712496439617, 1.3817133903503418, 1.303334633509318, 1.262957255045573, 1.2486776113510132, 1.2068422039349873, 1.1300766666730244, 1.1289072434107463, 1.1261406342188518, 1.1192821661631267, 1.1566779216130574, 1.1754491527875264, 1.1341991027196248, 1.0734351674715679, 1.0584122935930889, 1.0299823482831318, 1.0144766569137573, 0.9710755745569865, 0.9832841157913208, 0.9726131558418274, 1.005902349948883, 1.0044017434120178, 0.9791367451349894, 0.9451383153597513, 1.0565769871075947, 1.163574755191803]",77.5
exp5_1_dropout,1,76.25,"[2.284246563911438, 2.2324086666107177, 2.1559303760528565, 2.0954097628593447, 1.9963263392448425, 1.9723186135292052, 1.8995070338249207, 1.8226655960083007, 1.6958195567131042, 1.6842744946479797, 1.59339040517807, 1.5676801800727844, 1.44990975856781, 1.4176824808120727, 1.4413844108581544, 1.2974303007125854, 1.2542996525764465, 1.2407622933387756, 1.1971526145935059, 1.1280660033226013, 1.0198540329933166, 0.9617631733417511, 0.8985789716243744, 0.8058484792709351, 0.8441072523593902, 0.8094765067100524, 0.7464063763618469, 0.7139731884002686, 0.6594126909971237, 0.6643659889698028, 0.6455981284379959]","[2.2410829861958823, 2.1414496103922525, 2.033562342325846, 1.9420257806777954, 1.853269060452779, 1.7749311923980713, 1.6957919200261433, 1.6284573078155518, 1.548097809155782, 1.4810604254404705, 1.420815149943034, 1.358146111170451, 1.2749675909678142, 1.229371428489685, 1.184261957804362, 1.1412296493848164, 1.0919280449549358, 1.0178671677907307, 0.9833826820055643, 0.9557536244392395, 0.9072503248850504, 0.8710201780001322, 0.8361392021179199, 0.7902159492174784, 0.7559437354405721, 0.7301003535588583, 0.7672686775525411, 0.7786232630411783, 0.7185505032539368, 0.72494504849116, 0.7237715323766073]",75.0
exp5_1_dropout,2,75.0,"[2.2996917486190798, 2.254993224143982, 2.182602643966675, 2.111700344085693, 2.0294236660003664, 1.9851871371269225, 1.9159196138381958, 1.8344260215759278, 1.7987048387527467, 1.7348446249961853, 1.6905321598052978, 1.640295135974884, 1.5847480058670045, 1.5132583975791931, 1.4533499956130982, 1.4269238471984864, 1.331338846683502, 1.2980820059776306, 1.2894906044006347, 1.1758917689323425, 1.1332447469234466, 1.1473814129829407, 1.1068300902843475, 1.0637903273105622, 0.9897317826747895, 0.9872615873813629, 0.9153071761131286, 0.8838389635086059, 0.8827554762363434, 0.8223006069660187, 0.792113184928894, 0.7402757287025452, 0.7800576686859131, 0.7000255763530732, 0.7224883079528809, 0.7072066903114319, 0.6383304595947266]","[2.2621144453684487, 2.178700606028239, 2.047412633895874, 1.914892037709554, 1.8156324625015259, 1.741514007250468, 1.6635088523228962, 1.5983437299728394, 1.5437901417414348, 1.4891755978266399, 1.414564609527588, 1.366475502649943, 1.3301446835199993, 1.2761611938476562, 1.2366932233174641, 1.1879920562108357, 1.1366458336512248, 1.1091603835423787, 1.086296816666921, 1.0528446634610493, 1.0066803693771362, 0.9549805521965027, 0.9497715433438619, 0.9301456411679586, 0.897253413995107, 0.8793594837188721, 0.8837769627571106, 0.8680143555005392, 0.8591838479042053, 0.8577801585197449, 0.8349475264549255, 0.8329130212465922, 0.8182244698206583, 0.8452280561129252, 0.7886504530906677, 0.7984805703163147, 0.8151597579320272]",70.5
exp5_1_dropout,3,85.0,"[2.3039814710617064, 2.258486533164978, 2.2194140672683718, 2.139279842376709, 2.059857892990112, 1.9827627778053283, 1.9754831910133361, 1.8501258134841918, 1.7973728060722352, 1.704866921901703, 1.6444363236427306, 1.598738920688629, 1.5740760564804077, 1.4899366617202758, 1.4259317636489868, 1.3744407176971436, 1.3140111923217774, 1.234637475013733, 1.231025505065918, 1.1858923017978669, 1.0687193751335144, 1.0884945511817932, 1.0138540804386138, 0.9890576124191284, 0.8965826749801635, 0.891227662563324, 0.9143135905265808, 0.8674780309200287, 0.8074474275112152, 0.7606546700000762, 0.7186740159988403, 0.7181159436702729, 0.6306227147579193, 0.6170315325260163, 0.6637200653553009, 0.5793269127607346, 0.5547250628471374, 0.555121374130249, 0.5836849093437195, 0.4620510160923004, 0.49752384424209595, 0.44306827485561373, 0.44213374257087706, 0.4780135452747345, 0.4519930750131607, 0.3980243504047394]","[2.266031503677368, 2.192959467569987, 2.082566261291504, 1.9608498414357503, 1.8463295300801594, 1.7012848456700642, 1.6115374565124512, 1.5241378943125408, 1.4499457279841106, 1.3733052412668865, 1.2941016952196758, 1.235180954138438, 1.19107582171758, 1.122616708278656, 1.0855929056803386, 1.0395298600196838, 0.9804665048917135, 0.9225498835245768, 0.9037008285522461, 0.8679923415184021, 0.8236690759658813, 0.8071874181429545, 0.7761181890964508, 0.716140458981196, 0.7032191852728525, 0.6864940325419108, 0.683264841636022, 0.6511323849360148, 0.6414874295393626, 0.6262688438097636, 0.6110473076502482, 0.5738777021567026, 0.5653693675994873, 0.5749736825625101, 0.5596427917480469, 0.5397395888964335, 0.5459450036287308, 0.5320871671040853, 0.49915142357349396, 0.5088282078504562, 0.5144336223602295, 0.5141038199265798, 0.5389632731676102, 0.4921216169993083, 0.4930962771177292, 0.5229592820008596]",80.0
exp5_1_dropout,4,85.0,"[2.289070892333984, 2.24336416721344, 2.155128026008606, 2.1058300614356993, 2.0444044947624205, 1.9898548483848573, 1.9050671696662902, 1.9077415347099305, 1.782175397872925, 1.7646536707878113, 1.6836247801780702, 1.6152631998062135, 1.556355369091034, 1.5189793229103088, 1.4460600376129151, 1.4616005659103393, 1.3409696221351624, 1.3037156581878662, 1.2644198656082153, 1.2344204783439636, 1.13478364944458, 1.052852416038513, 1.107224351167679, 0.9833699405193329, 0.958830600976944, 0.8845855414867401, 0.9308725297451019, 0.8452260136604309, 0.8190424084663391, 0.7971792697906495, 0.7695760011672974, 0.7017488360404969, 0.6471636712551116, 0.6346168845891953, 0.5887501299381256, 0.6460904002189636, 0.5352200359106064, 0.5197081446647644, 0.5669904977083207, 0.5362184196710587, 0.46715232729911804, 0.5435514926910401, 0.4693731635808945, 0.44421265423297884, 0.4355934292078018]","[2.2427004178365073, 2.126229921976725, 2.007569511731466, 1.9160395463307698, 1.8524341980616252, 1.7762041091918945, 1.704300085703532, 1.6614920695622761, 1.5984692573547363, 1.5327979723612468, 1.4791496594746907, 1.4118496576944988, 1.3553907076517742, 1.305021603902181, 1.2609938780466716, 1.2334928115208943, 1.2252429723739624, 1.1807864904403687, 1.1239258845647175, 1.0633116960525513, 1.071150501569112, 1.0632560054461162, 1.0472265680631, 1.015638788541158, 0.9881973465283712, 0.9570096929868063, 0.9744019110997518, 0.9526463150978088, 0.9475948611895243, 0.9243695338567098, 0.8835741877555847, 0.8551682631174723, 0.9118982752164205, 0.8831328550974528, 0.9013901154200236, 0.9207885066668192, 0.8457227349281311, 0.8230379621187845, 0.8940998713175455, 0.8804572621981303, 0.8506516019503275, 0.8137492140134176, 0.8149303396542867, 0.8310245076815287, 0.8561340967814127]",77.5
exp5_1_dropout,5,78.61635220125787,"[2.3093048095703126, 2.266474461555481, 2.2226864814758303, 2.1575687170028686, 2.0746759295463564, 1.9975249886512756, 1.9470269083976746, 1.880958878993988, 1.805306041240692, 1.787598478794098, 1.764528501033783, 1.6749250650405885, 1.6266659259796143, 1.592363464832306, 1.5163166761398315, 1.4585752844810487, 1.4204679012298584, 1.3375446677207947, 1.3318169116973877, 1.2569136500358582, 1.2374821901321411, 1.1820914030075074, 1.0701444506645204, 1.0772775292396546, 0.9836377084255219, 0.9424219727516174, 0.9768185079097748, 0.8898745119571686, 0.8738808333873749, 0.8241507232189178, 0.7828727960586548, 0.7619455099105835, 0.7284811556339263, 0.6526817917823792, 0.6999597907066345, 0.6725481808185577, 0.666660875082016, 0.661033982038498, 0.6555684357881546, 0.5968588650226593, 0.6204710900783539, 0.5438887000083923, 0.5374039530754089, 0.5566285789012909, 0.4734693318605423, 0.5221993386745453, 0.5092707186937332, 0.5007196873426437, 0.48746737241745, 0.48009510040283204]","[2.282264232635498, 2.2247283458709717, 2.152381102244059, 2.0641820430755615, 1.9645493030548096, 1.8618075450261433, 1.777046839396159, 1.7051980098088582, 1.646536111831665, 1.592671553293864, 1.5194631814956665, 1.493865172068278, 1.4260706504185994, 1.3517192602157593, 1.2970357338587444, 1.2611957589785259, 1.2016406059265137, 1.1834700504938762, 1.1207474271456401, 1.1295808553695679, 1.121992250283559, 1.06626162926356, 1.0182405710220337, 1.0127309560775757, 1.0026278297106426, 1.0184846917788188, 1.085599144299825, 1.1420031189918518, 1.1818411548932393, 1.2095622022946675, 1.1627642313639324, 1.1263807813326518, 1.1636682550112407, 1.1825539271036785, 1.1860636274019878, 1.2973538239796956, 1.323586920897166, 1.3802033066749573, 1.3621203700701396, 1.3731118241945903, 1.4324671427408855, 1.4598828355471294, 1.51788334051768, 1.5088725686073303, 1.5029151042302449, 1.4991600513458252, 1.4958856701850891, 1.505049188931783, 1.4737711151440938, 1.5181103547414143]",73.0
exp5_2_dropout,1,80.625,"[2.3065547704696656, 2.2572348356246947, 2.1898974895477297, 2.169957709312439, 2.084273171424866, 2.005760979652405, 1.9655452132225038, 1.8920893907546996, 1.8142524242401123, 1.6709449887275696, 1.6719307780265809, 1.6135519027709961, 1.5340855240821838, 1.4460673451423645, 1.4436018228530885, 1.316000258922577, 1.2974218487739564, 1.2857348203659058, 1.2163215219974517, 1.1446650981903077, 1.1549927234649657, 1.0494367122650146, 1.0064348697662353, 0.9227743923664093, 0.8870721817016601, 0.8636127412319183, 0.8107522010803223, 0.7597594797611237, 0.734498405456543, 0.7096658110618591, 0.7451138317584991, 0.6403866410255432, 0.635210144519806, 0.5828194588422775, 0.5653366982936859, 0.532591027021408, 0.48788422644138335, 0.5444638937711715, 0.47968757450580596, 0.43136073648929596, 0.4095941841602325, 0.4115892559289932, 0.40818406641483307, 0.4422073870897293, 0.39095799028873446, 0.3533163875341415, 0.37981543838977816, 0.3160689607262611, 0.3414751648902893, 0.34925260245800016]","[2.272373994191488, 2.2014383474985757, 2.1079341967900596, 2.02713151772817, 1.9576274156570435, 1.8768782218297322, 1.7737441857655842, 1.6776178280512493, 1.588029424349467, 1.4877028862635295, 1.400309443473816, 1.3593333562215169, 1.2778433958689372, 1.2232680718104045, 1.1733434200286865, 1.130644977092743, 1.0884539882342021, 1.0631047487258911, 1.0198867718378704, 0.992225706577301, 0.9643081823984782, 0.9245589375495911, 0.8865557114283243, 0.8430466254552206, 0.8290675282478333, 0.7830028931299845, 0.7563245097796122, 0.7638433376948038, 0.8043854435284933, 0.7933055361111959, 0.7458218534787496, 0.698871393998464, 0.6720482110977173, 0.6687280138333639, 0.6723209222157797, 0.6878475944201151, 0.715493381023407, 0.6575838029384613, 0.6845039327939352, 0.7303744157155355, 0.7503328720728556, 0.7382165193557739, 0.7093053460121155, 0.7337604363759359, 0.7626307010650635, 0.7820817232131958, 0.777912437915802, 0.8132734497388204, 0.8327380021413168, 0.7857502698898315]",78.0
exp5_2_dropout,2,68.75,"[2.2848164558410646, 2.198298954963684, 2.1805196523666384, 2.0522436022758486, 1.9937894344329834, 1.9318689942359923, 1.8930621862411499, 1.8130712747573852, 1.8280107259750367, 1.7188273787498474, 1.6580541610717774, 1.58999764919281, 1.5070587038993835, 1.4709057331085205, 1.3934120655059814, 1.339311695098877, 1.2437952876091003, 1.1827772855758667, 1.2450724720954895, 1.0670951664447785, 1.1023153126239777, 1.0579461097717284]","[2.2286813259124756, 2.097421089808146, 1.9957222143809001, 1.9182541370391846, 1.8442593018213909, 1.7731383244196575, 1.708333690961202, 1.6423672040303547, 1.5791184902191162, 1.5041110912958782, 1.413935939470927, 1.3263269265492756, 1.2599046627680461, 1.1907658576965332, 1.1507940689722698, 1.1241636673609416, 1.06047523021698, 1.021371344725291, 1.0007521112759907, 0.9808315634727478, 0.9606685439745585, 0.9153548081715902]",68.0
exp5_2_dropout,3,85.625,"[2.2927365779876707, 2.245806622505188, 2.188369941711426, 2.1252564072608946, 2.068262004852295, 1.9748394250869752, 1.9450109243392943, 1.8307232022285462, 1.7732776165008546, 1.677552878856659, 1.6357547879219054, 1.573053789138794, 1.5649643182754516, 1.4759912848472596, 1.4281861305236816, 1.3364668011665344, 1.3133784532546997, 1.2059778571128845, 1.2600806295871734, 1.1891350984573363, 1.0867576897144318, 1.0887047171592712, 1.0323221921920775, 1.055597537755966, 0.9420884668827056, 0.9044099628925324, 0.959921807050705, 0.878149402141571, 0.7581964075565338, 0.7620122790336609, 0.7903204262256622, 0.7037785708904266, 0.6953994810581208, 0.6454315811395646, 0.598468205332756, 0.5729573279619217, 0.5920735538005829, 0.5560330003499985]","[2.2674365043640137, 2.190704107284546, 2.087655226389567, 1.9602174758911133, 1.842782974243164, 1.7194978793462117, 1.6314623753229778, 1.5400924682617188, 1.4498775005340576, 1.3532756964365642, 1.2865827480951946, 1.2116238673528035, 1.1445652842521667, 1.0991481343905132, 1.0521966020266216, 0.9715154965718588, 0.9234327475229899, 0.876290480295817, 0.8392682472864786, 0.8120243946711222, 0.7476402322451273, 0.7203920781612396, 0.7265834410985311, 0.679474929968516, 0.6289476950963339, 0.6124140918254852, 0.607783575852712, 0.5986382762591044, 0.5735741853713989, 0.5412284433841705, 0.5238228340943655, 0.538543035586675, 0.5342139403025309, 0.4998895227909088, 0.47426358858744305, 0.46339766184488934, 0.45962416132291156, 0.43586093187332153]",77.5
exp5_2_dropout,4,77.5,"[2.292440152168274, 2.2013445138931274, 2.1167678356170656, 2.0608890771865847, 1.9724376559257508, 1.9402202248573304, 1.8877933502197266, 1.7882173538208008, 1.7532967567443847, 1.7234735131263732, 1.6425239205360413, 1.6614639282226562, 1.5558366417884826, 1.554586410522461, 1.5337376832962035, 1.4743172526359558, 1.4374658703804015, 1.3645422101020812, 1.3177640557289123, 1.330562913417816, 1.234258484840393, 1.2510076880455017, 1.127873295545578, 1.1286046206951141, 1.047221553325653, 0.9731848001480102, 0.9452798306941986, 0.9981013417243958, 0.921937209367752, 0.8088793337345124, 0.7642914175987243, 0.745408421754837, 0.7156066238880158, 0.7635915279388428]","[2.236427625020345, 2.0869080225626626, 1.9625719388326008, 1.8920707702636719, 1.829387625058492, 1.7846391598383586, 1.7543333371480305, 1.7012004057566326, 1.6550623178482056, 1.615965485572815, 1.5667426586151123, 1.5529334545135498, 1.5221659739812214, 1.512636383374532, 1.4320301214853923, 1.3556043306986492, 1.3353115717569988, 1.326702356338501, 1.2695779005686443, 1.2174917459487915, 1.1859320402145386, 1.1272976001103718, 1.105991244316101, 1.0677064855893452, 0.9991342226664225, 0.9701903661092123, 0.9659587939580282, 0.8937384486198425, 0.8799063563346863, 0.8945801854133606, 0.9098578294118246, 0.9044630726178488, 0.9241342147191366, 0.8947853048642477]",73.0
exp5_2_dropout,5,77.9874213836478,"[2.301760721206665, 2.262735438346863, 2.1890942096710204, 2.1349244594573973, 2.091076469421387, 2.0366589069366454, 1.9502265691757201, 1.937886357307434, 1.8204949378967286, 1.7189519286155701, 1.724864387512207, 1.5486095547676086, 1.5864980459213256, 1.4896112203598022, 1.4501219153404237, 1.3494472265243531, 1.3027802586555481, 1.305438482761383, 1.2169913172721862, 1.1625985145568847, 1.1358340859413147, 1.1040986359119416, 1.0310120701789856, 0.9759399890899658, 0.900290721654892, 0.9169882416725159, 0.8559379756450654, 0.8376361012458802, 0.8299432873725892, 0.7943131983280182, 0.7141177356243134, 0.7229291200637817, 0.7425359666347504, 0.6431637614965439, 0.6222275197505951, 0.6213895529508591, 0.6160824716091156]","[2.2710233529408774, 2.211510340372721, 2.130093256632487, 2.036929647127787, 1.9688371817270915, 1.917407512664795, 1.8270395199457805, 1.7180437246958415, 1.610796848932902, 1.5113470951716106, 1.4324675003687541, 1.3659179210662842, 1.298764944076538, 1.246042827765147, 1.2012970050175984, 1.1575703422228496, 1.119245171546936, 1.1051312287648518, 1.0672664841016133, 1.0443519552548726, 1.0230251749356587, 0.9696545600891113, 0.9362374941507975, 0.8985676169395447, 0.8559479316075643, 0.8457778692245483, 0.8292861978212992, 0.838034192721049, 0.8444521427154541, 0.849570612112681, 0.8378199736277262, 0.7816286087036133, 0.8179875413576762, 0.8825181722640991, 0.8307963609695435, 0.7971164584159851, 0.842389980951945]",76.5
exp5_3_dropout,1,78.125,"[2.2843674182891847, 2.238878297805786, 2.16760630607605, 2.126789629459381, 2.0293803334236147, 1.9356719970703125, 1.8867531299591065, 1.8867202639579772, 1.7785682201385498, 1.748818814754486, 1.6632193446159362, 1.629379189014435, 1.5569107294082642, 1.506453549861908, 1.4472667932510377, 1.4403045415878295, 1.368549931049347, 1.330904448032379, 1.2524045944213866, 1.199200451374054, 1.200881540775299, 1.1413348495960236, 1.1018671095371246, 1.0412291288375854, 1.002414447069168, 0.9359118700027466, 0.910901141166687, 0.8641787946224213, 0.8332583725452423, 0.8296674907207489, 0.7440965235233307, 0.7518856227397919, 0.6773027718067169, 0.7222832083702088, 0.657947090268135, 0.6292328119277955, 0.6217699706554413, 0.6124209463596344, 0.6046547591686249, 0.5434943169355393, 0.5467012882232666, 0.5021293789148331, 0.4727067619562149, 0.454109288752079, 0.42251590490341184, 0.41721152067184447]","[2.256760756174723, 2.1786192258199057, 2.0659894148508706, 1.9723232984542847, 1.8863288561503093, 1.8013883431752522, 1.737106720606486, 1.6867469549179077, 1.6449129978815715, 1.5823276042938232, 1.514604131380717, 1.4473545551300049, 1.3934357166290283, 1.3458158175150554, 1.3008382717768352, 1.2519875764846802, 1.210898995399475, 1.1713420152664185, 1.1166780193646748, 1.0736405849456787, 1.0526185830434163, 1.0354813933372498, 0.9813304543495178, 0.9515875577926636, 0.9337066014607748, 0.9448344310124716, 0.8857240478197733, 0.8595367074012756, 0.8692753314971924, 0.8458525141080221, 0.8360189000765482, 0.841497540473938, 0.8451555172602335, 0.8503854274749756, 0.8017292221387228, 0.7915179133415222, 0.8036152124404907, 0.7776045997937521, 0.7491083145141602, 0.7547320524851481, 0.7698294520378113, 0.760625938574473, 0.7735182046890259, 0.7764689326286316, 0.8014357686042786, 0.8010406692822775]",77.0
exp5_3_dropout,2,81.875,"[2.273147773742676, 2.189769983291626, 2.1459644079208373, 2.0679696559906007, 2.0037534713745115, 1.9947842836380005, 1.9587983012199401, 1.9020632266998292, 1.8497990012168883, 1.8175740361213684, 1.7711772561073302, 1.7190567255020142, 1.6772924184799194, 1.6381698608398438, 1.5307645559310914, 1.5234114408493042, 1.4684416055679321, 1.4191460251808166, 1.352219533920288, 1.2659816145896912, 1.201494950056076, 1.1500396847724914, 1.1674798607826233, 1.0576086699962617, 1.033731609582901, 1.0035595059394837, 0.9043020069599151, 0.9042834103107452, 0.9096129059791564, 0.8152525901794434, 0.8303226709365845, 0.7964724361896515, 0.7060866534709931, 0.6857818603515625, 0.6859141916036606, 0.6725126206874847, 0.6384943127632141, 0.5960478603839874, 0.5363949716091156, 0.49199390411376953, 0.5576151609420776, 0.5125281810760498, 0.5085352480411529, 0.46569031178951265, 0.4715567022562027, 0.39276481568813326, 0.42129563838243483]","[2.210965077082316, 2.050737897555033, 1.9625234206517537, 1.9228723446528118, 1.8737748861312866, 1.8294365406036377, 1.7763646841049194, 1.7398322423299153, 1.6884415944417317, 1.6342426141103108, 1.5643419822057087, 1.5143609841664631, 1.4586151838302612, 1.3817416826883953, 1.311562220255534, 1.2512319485346477, 1.1941214799880981, 1.134889264901479, 1.083095133304596, 1.022883931795756, 0.9737186233202616, 0.9556114673614502, 0.9127635558446249, 0.8805914123853048, 0.8450109759966532, 0.8178319136301676, 0.8062509099642435, 0.7818944056828817, 0.7941919167836508, 0.7920132080713908, 0.7809993028640747, 0.7575929562250773, 0.768403430779775, 0.7367245952288309, 0.7140781084696451, 0.7384466926256815, 0.7229767044385275, 0.6790704925855001, 0.6680399974187216, 0.6659796833992004, 0.7115829785664877, 0.7446448604265848, 0.8095801472663879, 0.7362332145373026, 0.7392315864562988, 0.7905622720718384, 0.7622920870780945]",77.5
exp5_3_dropout,3,84.375,"[2.295432615280151, 2.2229984760284425, 2.172293496131897, 2.094996249675751, 2.048782706260681, 1.9716619491577148, 1.898591125011444, 1.8280639171600341, 1.8154898047447205, 1.702737069129944, 1.6350067973136901, 1.5821412086486817, 1.4820940613746643, 1.475277030467987, 1.3914345145225524, 1.3369201302528382, 1.2996996760368347, 1.2770987927913666, 1.1975790500640868, 1.176239675283432, 1.1209186911582947, 1.0892453610897064, 1.017947107553482, 1.035846585035324, 1.001237553358078, 0.9659039378166199, 0.8858825922012329, 0.8648451566696167, 0.8077293455600738, 0.7358430743217468, 0.7440452635288238, 0.7439489543437958, 0.7002414286136627, 0.66214519739151, 0.7307951658964157, 0.586721134185791, 0.5949199676513672, 0.6181502223014832, 0.5689098685979843, 0.637314161658287, 0.5267835259437561, 0.5491587877273559, 0.5303468883037568, 0.5313224822282792, 0.520804101228714, 0.45075138807296755, 0.45591027438640597, 0.4596383720636368, 0.4560192316770554, 0.4356847405433655]","[2.226246436436971, 2.1101852655410767, 1.9878722429275513, 1.8680952787399292, 1.7745267947514851, 1.6847525437672932, 1.5986829201380413, 1.509845495223999, 1.4447101751963298, 1.3858794768651326, 1.3124396006266277, 1.233547031879425, 1.1867568890253704, 1.14102969566981, 1.1040780544281006, 1.038191318511963, 0.9977695743242899, 0.9499156673749288, 0.9225396911303202, 0.8886805574099222, 0.8600754141807556, 0.8395195603370667, 0.8060135642687479, 0.7725319465001425, 0.7751316825548807, 0.7467253804206848, 0.7413365244865417, 0.7291815479596456, 0.6809780895709991, 0.6667122840881348, 0.674752285083135, 0.6605706016222636, 0.664564828077952, 0.6450894773006439, 0.65731347600619, 0.6497930486996969, 0.6319959958394369, 0.6371584832668304, 0.6313681304454803, 0.6068399647871653, 0.6096568405628204, 0.5928005774815878, 0.5640757232904434, 0.5735892057418823, 0.5644894440968832, 0.5853585253159205, 0.5935311814149221, 0.5900845328966776, 0.579865296681722, 0.5777671237786611]",77.0
exp5_3_dropout,4,81.25,"[2.2754287719726562, 2.2387592077255247, 2.1373599767684937, 2.1047836542129517, 2.0033242225646974, 1.979228103160858, 1.9475315928459167, 1.8510813951492309, 1.8130874991416932, 1.75070161819458, 1.6772493481636048, 1.6408291697502135, 1.5552960276603698, 1.5478957295417786, 1.502225387096405, 1.4608896970748901, 1.4231303215026856, 1.3557783484458923, 1.307132363319397, 1.226032793521881, 1.2029650568962098, 1.152766764163971, 1.1068298518657684, 1.0862129390239716, 1.023388546705246, 0.9564707159996033, 0.928622978925705, 0.8447244167327881, 0.8504221975803375, 0.8326335728168488, 0.8554235160350799, 0.8004656732082367, 0.7355524867773056, 0.7098236620426178, 0.6890987515449524, 0.6618087589740753, 0.6090627193450928, 0.5656730949878692, 0.5763623178005218, 0.5243795126676559, 0.5059588134288788, 0.4589499682188034]","[2.2358524799346924, 2.1191802819569907, 2.0216139952341714, 1.920864224433899, 1.8539497057596843, 1.8053626616795857, 1.7436524629592896, 1.6824833552042644, 1.6302175124486287, 1.571938435236613, 1.521615743637085, 1.470699946085612, 1.4082481066385906, 1.383165677388509, 1.3254980246225994, 1.3046246767044067, 1.2631210088729858, 1.2346018155415852, 1.1947163740793865, 1.1596615711847942, 1.120692292849223, 1.1030311385790508, 1.083742658297221, 1.0579906304677327, 1.017925997575124, 1.0178163051605225, 1.0048697988192241, 0.9275393088658651, 0.9310726722081503, 0.9494542280832926, 0.9110870361328125, 0.8828671375910441, 0.8587327798207601, 0.7930564880371094, 0.8018070260683695, 0.7693141301472982, 0.7609565655390421, 0.8268163800239563, 0.8781328002611796, 0.7780446807543436, 0.7809019088745117, 0.7767575979232788]",77.5
exp5_3_dropout,5,81.76100628930817,"[2.2913089036941527, 2.222622847557068, 2.175649571418762, 2.0713987588882445, 1.9905789732933044, 1.9909653306007384, 1.896015501022339, 1.8561358332633973, 1.7706610918045045, 1.7400457739830018, 1.661639666557312, 1.6357996106147765, 1.5677587389945984, 1.4808605194091797, 1.4578842282295228, 1.3874173164367676, 1.3075849294662476, 1.2387303233146667, 1.2278921127319335, 1.2073200821876526, 1.1086547553539277, 1.1576212167739868, 1.0859144866466521, 1.0340162873268128, 0.9947707235813141, 0.9034006714820861, 0.9356023132801056, 0.856607586145401, 0.8371822595596313, 0.8391457974910737, 0.7781420230865479, 0.7216614782810211, 0.7143339157104492, 0.6903586626052857, 0.6492153912782669, 0.6204679161310196, 0.6560676634311676, 0.6291283965110779, 0.5761430650949478, 0.6221422255039215, 0.5658483594655991, 0.5363482177257538, 0.4904596656560898, 0.5251257300376893, 0.5170697450637818, 0.467158043384552, 0.49139071106910703, 0.4298988699913025]","[2.2320597171783447, 2.1350885232289634, 2.0342203776041665, 1.9367316961288452, 1.844570795694987, 1.756341576576233, 1.6939186255137126, 1.63547416528066, 1.564339240392049, 1.4842070738474529, 1.4200621445973713, 1.3649691740671794, 1.3155815998713176, 1.2585793137550354, 1.2108053962389629, 1.1705576578776042, 1.119722604751587, 1.0779407421747844, 1.036841372648875, 1.0195550719896953, 0.986153801282247, 0.9574349721272787, 0.9226892391840616, 0.9027683536211649, 0.8553346991539001, 0.8190783063570658, 0.8143536448478699, 0.7949612339337667, 0.7804016868273417, 0.7590924104054769, 0.7667959133783976, 0.7554600636164347, 0.7312657634417216, 0.7178128759066263, 0.7164319356282552, 0.7063326040903727, 0.7316956917444865, 0.7369978229204813, 0.7114511926968893, 0.7424638668696085, 0.8195973436037699, 0.7743027011553446, 0.7964830199877421, 0.8304256200790405, 0.8563103675842285, 0.8887690703074137, 0.8579844236373901, 0.8568514188130697]",77.5
exp5_4_dropout,1,81.25,"[2.291011357307434, 2.226836895942688, 2.1816370248794557, 2.1292465925216675, 2.0470101594924928, 1.9641828656196594, 1.8935836672782898, 1.8026257514953614, 1.7790473580360413, 1.692092502117157, 1.6396586298942566, 1.5659173846244812, 1.480889368057251, 1.4593937993049622, 1.3698333978652955, 1.3125918984413147, 1.2522760272026061, 1.1834454238414764, 1.186149352788925, 1.1202218890190125, 1.1193428039550781, 1.0044688761234284, 1.003348070383072, 0.9273477613925933, 0.9510867238044739, 0.8430795490741729, 0.8409881591796875, 0.8474036753177643, 0.8410873711109161, 0.7984107196331024, 0.745899897813797, 0.7326533228158951, 0.702534681558609, 0.6544308662414551, 0.6252342820167541, 0.6627993226051331, 0.6174277901649475, 0.5588845074176788, 0.5635028451681137, 0.6250802248716354, 0.5145912289619445, 0.527905735373497, 0.4494946986436844, 0.45791441202163696, 0.4920726478099823, 0.47710773944854734, 0.41861286461353303, 0.39059565365314486, 0.4196155369281769, 0.38897609114646914]","[2.249638636906942, 2.1585683027903237, 2.072221120198568, 1.9857947826385498, 1.871953805287679, 1.754948655764262, 1.6600848038991292, 1.5715561707814534, 1.4967902104059856, 1.4370977481206257, 1.3764336506525676, 1.303791602452596, 1.2487583955128987, 1.207231601079305, 1.180946667989095, 1.1469049056371052, 1.1008667548497517, 1.0404860973358154, 1.0084276994069417, 1.0146870613098145, 0.974058469136556, 0.9545298020044962, 0.9155825773874918, 0.9088893930117289, 0.9009565313657125, 0.8764577110608419, 0.8609483440717062, 0.8420879443486532, 0.8387263218561808, 0.8503393133481344, 0.8922915061314901, 0.8772308230400085, 0.8536259929339091, 0.873949388662974, 0.8541023929913839, 0.851632277170817, 0.8258666594823202, 0.7975742618242899, 0.8284988005956014, 0.8201371828715006, 0.8016662200291952, 0.8118191758791605, 0.8544500271479288, 0.8309816916783651, 0.7749412655830383, 0.7493787010510763, 0.7789041598637899, 0.7979482412338257, 0.8105341593424479, 0.8098745743433634]",79.0
exp5_4_dropout,2,81.875,"[2.2943138122558593, 2.246051287651062, 2.168457007408142, 2.1364623308181763, 2.0787368178367616, 1.995079791545868, 1.8988825917243957, 1.8024886965751648, 1.7606027841567993, 1.7185515999794005, 1.6285529613494873, 1.6043068408966064, 1.5292853355407714, 1.4605227351188659, 1.4414192676544189, 1.3895673751831055, 1.2781340956687928, 1.236145794391632, 1.2135098695755004, 1.2031911849975585, 1.1605291962623596, 1.08050097823143, 0.995815533399582, 0.9542501628398895, 0.8994438767433166, 0.9091135382652282, 0.8649541318416596, 0.8325967371463776, 0.725429791212082, 0.7435149550437927, 0.6881675153970719, 0.6657251060009003, 0.6460461109876633, 0.6011705130338669, 0.5611636310815811, 0.6172207981348038, 0.5621643215417862, 0.5423575639724731, 0.49453841149806976, 0.49752306044101713, 0.46417975425720215, 0.5011566400527954, 0.47848235070705414, 0.4573492854833603, 0.40870244055986404, 0.4052883744239807, 0.38648003339767456, 0.3787923872470856, 0.3641735568642616, 0.3344433754682541]","[2.253121296564738, 2.1741697788238525, 2.0666771729787192, 1.9652041991551716, 1.8693254788716633, 1.767902096112569, 1.6338131030400593, 1.5438469250996907, 1.4900145133336384, 1.4447928269704182, 1.4062098662058513, 1.3505608240763347, 1.2971129814783733, 1.2320020993550618, 1.1774320205052693, 1.1218594908714294, 1.079459547996521, 1.0538459817568462, 1.007975200812022, 0.9541203776995341, 0.9284825325012207, 0.9090827703475952, 0.8592187166213989, 0.8216943740844727, 0.8097678224245707, 0.8135080933570862, 0.7655382951100668, 0.7524880170822144, 0.7314064900080363, 0.7447623411814371, 0.7521220048268636, 0.7386196653048197, 0.7480153640111288, 0.762629489103953, 0.7846448421478271, 0.7948926091194153, 0.7690375844637553, 0.7370755473772684, 0.7711406151453654, 0.8388957182566324, 0.8072621623675028, 0.798541267712911, 0.8000603318214417, 0.8055139780044556, 0.8122626543045044, 0.8117077151934305, 0.8047764897346497, 0.7831536730130514, 0.8368220726648966, 0.8778786659240723]",79.0
exp5_4_dropout,3,85.625,"[2.292995977401733, 2.2484834671020506, 2.1928861141204834, 2.12107994556427, 2.0875733375549315, 2.0032125115394592, 1.9988893151283265, 1.923917293548584, 1.84044269323349, 1.7830350995063782, 1.7166157245635987, 1.7005367875099182, 1.5894501447677611, 1.4995437145233155, 1.4982914209365845, 1.4201788187026978, 1.3533431887626648, 1.2461426734924317, 1.2181320011615753, 1.1228388369083404, 1.0916513741016387, 1.0861034154891969, 1.0016231119632721, 0.968511313199997, 0.8999742448329926, 0.9228736817836761, 0.8530455350875854, 0.818595027923584, 0.8195595502853393, 0.7847727715969086, 0.6997952580451965, 0.6303116202354431, 0.6179724931716919, 0.6173990547657013, 0.6051919460296631, 0.5782257556915283]","[2.2430203755696616, 2.1597061157226562, 2.0500770807266235, 1.9441129763921101, 1.8678711652755737, 1.8031296332677205, 1.7328259944915771, 1.6468084653218586, 1.5759622653325398, 1.5087651014328003, 1.4300491412480671, 1.3608804941177368, 1.2982012033462524, 1.217664102713267, 1.1323076883951824, 1.0722691814104717, 1.000968337059021, 0.9514969786008199, 0.8879809776941935, 0.8298486073811849, 0.7811362147331238, 0.7346571882565817, 0.6805180410544077, 0.6510591804981232, 0.6446934541066488, 0.613408217827479, 0.6037489175796509, 0.5581988592942556, 0.5369245509306589, 0.5540468196074168, 0.5551611085732778, 0.52695299188296, 0.5191720724105835, 0.528182735045751, 0.5327284634113312, 0.5268149276574453]",75.5
exp5_4_dropout,4,78.125,"[2.298840856552124, 2.2459120035171507, 2.196610713005066, 2.1624290466308596, 2.0628310799598695, 2.03750079870224, 1.9037704706192016, 1.8721338272094727, 1.8221279740333558, 1.7354723453521728, 1.7005651235580443, 1.63767169713974, 1.5712138533592224, 1.5615787625312805, 1.5031366109848023, 1.4022781372070312, 1.4020558595657349, 1.4070545315742493, 1.30776104927063, 1.2424155831336976, 1.180048006772995, 1.182930600643158, 1.1491031408309937, 1.0615414083003998, 1.0653618097305297, 0.9970296025276184, 0.9784362852573395, 0.9062678158283234, 0.8899206697940827, 0.8922318458557129, 0.8185626029968261, 0.782676738500595, 0.817616480588913, 0.6968391835689545, 0.7740453600883483, 0.7257510423660278, 0.6695222914218902]","[2.266953388849894, 2.2036451498667398, 2.118128776550293, 2.0189305543899536, 1.9105972051620483, 1.8169344266255696, 1.748709241549174, 1.7023899952570598, 1.641825556755066, 1.5809888044993083, 1.540608803431193, 1.4985593954722087, 1.4599122206370037, 1.4240103960037231, 1.380264163017273, 1.3411636352539062, 1.3210367759068806, 1.2662211259206135, 1.2231557369232178, 1.2164417107899983, 1.160909374554952, 1.117111047108968, 1.1068305174509685, 1.1389353672663372, 1.068078835805257, 1.090226650238037, 1.0629327297210693, 1.017745018005371, 1.0043141841888428, 1.0015624165534973, 0.9954181512196859, 0.9633279244105021, 0.9971751968065897, 0.9933376908302307, 0.9335455099741617, 0.8969751397768656, 0.8789259394009908]",76.5
exp5_4_dropout,5,80.50314465408805,"[2.2899608850479125, 2.2378170013427736, 2.160750389099121, 2.127587044239044, 2.0391271352767943, 1.9928494811058044, 1.9194637775421142, 1.9220308780670166, 1.8483009576797484, 1.7932465195655822, 1.7302147030830384, 1.7298593759536742, 1.6357624530792236, 1.5869008302688599, 1.5216039299964905, 1.4650166273117065, 1.432160234451294, 1.40912207365036, 1.340326464176178, 1.2636221289634704, 1.1946958303451538, 1.2222968459129333, 1.1330357551574708, 1.1137836396694183, 1.0302262485027314, 0.9649360477924347, 0.9545570850372315, 0.9340263426303863, 0.885069614648819, 0.8100859224796295, 0.7719552993774415, 0.7229558527469635, 0.6872233331203461, 0.7185538172721863, 0.6794742941856384, 0.6346892237663269]","[2.241288344065348, 2.154667059580485, 2.0820194085439048, 2.0223898887634277, 1.9424201250076294, 1.852432092030843, 1.8032666047414143, 1.7504786650339763, 1.6906691392262776, 1.6133838891983032, 1.5545337994893391, 1.5113851229349773, 1.4379795392354329, 1.3961155811945598, 1.3695487976074219, 1.363412340482076, 1.3325981696446736, 1.2768397331237793, 1.2659254670143127, 1.3035715619723003, 1.2858375509579976, 1.2428268194198608, 1.1743569175402324, 1.1404464840888977, 1.1682580709457397, 1.189950406551361, 1.1838841040929158, 1.1616981625556946, 1.1742966373761494, 1.179589052995046, 1.1670672694842021, 1.157573123772939, 1.2617205381393433, 1.246024986108144, 1.2438700397809346, 1.2649208903312683]",76.5
exp6_1_leakyrelu,1,79.375,"[2.2191208600997925, 1.8631006360054017, 1.4483395576477052, 0.9993975222110748, 0.6764752566814423, 0.46327404081821444, 0.3159501239657402, 0.20239370912313462, 0.12395438998937607, 0.0766780573874712, 0.04609302096068859, 0.03139232993125916, 0.021181998215615748, 0.020105217583477497, 0.012355036195367574, 0.013536354759708047, 0.012151078507304191]","[2.0647801558176675, 1.7128092447916667, 1.4031939109166462, 1.1204928755760193, 0.9715239206949869, 0.8840836683909098, 0.8071597218513489, 0.7341991662979126, 0.7336205641428629, 0.7200267712275187, 0.7330076495806376, 0.7387590209643046, 0.77365110317866, 0.7983154058456421, 0.815755824247996, 0.8666165272394816, 0.8216263055801392]",78.0
exp6_1_leakyrelu,2,76.25,"[2.1752020716667175, 1.672460675239563, 1.179672074317932, 0.8291331112384797, 0.5509588271379471, 0.3673903986811638, 0.21627914905548096, 0.1265201210975647, 0.0718357453122735, 0.042372623644769195, 0.02576975096017122, 0.017450280766934157, 0.01251619178801775, 0.009310081182047725, 0.007281627133488655, 0.005887797055765987, 0.004807760915718972]","[1.9413434664408367, 1.4131472905476887, 1.1030675172805786, 0.9113842844963074, 0.8719544410705566, 0.8085722724596659, 0.8270614147186279, 0.8176841537157694, 0.8447732329368591, 0.8671400348345438, 0.883570671081543, 0.9015609622001648, 0.9255150953928629, 0.9534336924552917, 0.9642094175020853, 0.97721928358078, 0.9854436715443929]",75.0
exp6_1_leakyrelu,3,85.0,"[2.199736475944519, 1.8057053923606872, 1.3917829751968385, 1.0298236072063447, 0.7546574592590332, 0.5399920642375946, 0.38602216839790343, 0.26218416839838027, 0.17163340896368026, 0.11155889928340912, 0.07186176963150501, 0.04763250667601824, 0.034285628236830235, 0.024705831054598094, 0.023674531653523446, 0.018523798044770955, 0.015465366514399647, 0.01677186703309417, 0.014788822759874165]","[1.963925043741862, 1.5612564484278362, 1.2149498065312703, 0.9581261475880941, 0.7606102228164673, 0.6480768124262491, 0.5587878127892812, 0.5199203391869863, 0.5086781680583954, 0.4890247384707133, 0.4866115152835846, 0.49219025174776715, 0.4934578239917755, 0.5253387192885081, 0.5134508907794952, 0.5351532797018687, 0.510797917842865, 0.529155025879542, 0.5138021111488342]",76.5
exp6_1_leakyrelu,4,83.75,"[2.1908549070358276, 1.7028679132461548, 1.2350877523422241, 0.9230569124221801, 0.6974520862102509, 0.4968972265720367, 0.32613336890935896, 0.20968789532780646, 0.12992115393280984, 0.08806385137140751, 0.06026765219867229, 0.03962385952472687, 0.03267280645668506, 0.01915732314810157, 0.015561543963849544, 0.015891148475930095, 0.02207521195523441, 0.015394197544083, 0.014412468695081771, 0.004713070951402188, 0.013858915655873716, 0.008460481802467256, 0.005826433922629803, 0.005889952718280256, 0.00588600441114977]","[1.9581695000330608, 1.5068397124608357, 1.211196780204773, 1.039081633090973, 0.9417424003283182, 0.8179607192675272, 0.816625714302063, 0.7360341946283976, 0.7814642588297526, 0.7470998366673788, 0.7779417634010315, 0.9311556816101074, 0.7888437310854594, 0.7643650770187378, 0.8332271973292033, 0.9422191182772318, 0.8236026565233866, 0.7960392634073893, 0.827973465124766, 0.8535626530647278, 0.8645480473836263, 0.851215143998464, 0.8571272293726603, 0.8592986265818278, 0.859377920627594]",78.0
exp6_1_leakyrelu,5,79.87421383647799,"[2.198204755783081, 1.761275291442871, 1.355432665348053, 1.0359641015529633, 0.7809463977813721, 0.5476350605487823, 0.36834859251976015, 0.235549496114254, 0.14963515251874923, 0.08866902329027652, 0.05429985001683235, 0.030308504495769738, 0.019984158407896756, 0.012880820548161864]","[1.9965462684631348, 1.59244970480601, 1.2849469780921936, 1.0266008973121643, 0.8580245574315389, 0.7841437458992004, 0.7220118443171183, 0.7572089632352194, 0.7563661932945251, 0.7744484146436056, 0.7924350301424662, 0.8193843960762024, 0.8325918515523275, 0.8525141676266988]",79.0
exp6_2_elu,1,80.625,"[1.9267072796821594, 1.3998998761177064, 1.008009672164917, 0.6814420700073243, 0.42772844433784485, 0.2501704677939415, 0.1376350149512291, 0.06918472722172737, 0.0373208237811923, 0.021479690074920656, 0.015908637130632997, 0.011445931298658252, 0.012165708700194955, 0.008119012927636504]","[1.6824899117151897, 1.3307283322016399, 1.0589275161425273, 0.883653442064921, 0.7767678499221802, 0.7304348150889078, 0.714557150999705, 0.7374505996704102, 0.7493367791175842, 0.7571339209874471, 0.7783442139625549, 0.7973297437032064, 0.8069792787233988, 0.8200321992238363]",76.5
exp6_2_elu,2,80.0,"[1.9158080577850343, 1.3738537192344666, 0.9518875002861023, 0.6048412680625915, 0.3637984663248062, 0.1966611236333847, 0.09918846935033798, 0.04528636801987886, 0.021900914888828994, 0.01237658653408289, 0.008470025332644581, 0.0061144633684307335, 0.0047752016456797716]","[1.6055903434753418, 1.237068732579549, 0.969818651676178, 0.8075494567553202, 0.7426277001698812, 0.7156859040260315, 0.7977673212687174, 0.8319381276766459, 0.8686468998591105, 0.9137329856554667, 0.9405836661656698, 0.964901347955068, 0.9847843050956726]",76.5
exp6_2_elu,3,86.875,"[1.9227453827857972, 1.383907103538513, 1.0282060742378234, 0.7384636044502259, 0.5093700885772705, 0.3248000293970108, 0.187983188778162, 0.09590647220611573, 0.049475157633423805, 0.02641107216477394, 0.022444250900298356, 0.01715172971598804, 0.013652196479961276, 0.012619151221588253, 0.010622116713784635, 0.008914839383214712, 0.00738046916667372, 0.005181406484916806, 0.005403776420280337, 0.005306510627269745, 0.006047316186595708, 0.004295911046210676, 0.005159903329331428, 0.0037439775303937496, 0.0054911459214054045, 0.005048331845318899, 0.004014886519871652, 0.0040178735856898126, 0.004624191700713709]","[1.538196086883545, 1.1587121685345967, 0.9237212936083475, 0.7789238095283508, 0.6547239820162455, 0.5904291868209839, 0.507369856039683, 0.5376810928185781, 0.5082495212554932, 0.5029738446076711, 0.4924614230791728, 0.5380893150965372, 0.5460431377092997, 0.5244506001472473, 0.5503093202908834, 0.5171572665373484, 0.5289492905139923, 0.5257883270581564, 0.529093325138092, 0.5436310470104218, 0.5391502380371094, 0.5476686557133993, 0.5548344055811564, 0.5345268944899241, 0.5477299193541209, 0.5540910462538401, 0.5537854731082916, 0.5648008783658346, 0.5748851100603739]",75.0
exp6_2_elu,4,80.625,"[1.901113712787628, 1.3364511370658874, 0.9534006774425506, 0.6558297276496887, 0.4436138063669205, 0.2810172542929649, 0.16606265679001808, 0.09224980399012565, 0.051169943809509275, 0.03210748787969351, 0.014477819856256246, 0.01758673321455717, 0.0077653526794165375]","[1.5987155040105183, 1.2482609351476033, 1.0214431881904602, 0.8664647738138834, 0.8430118958155314, 0.8135225176811218, 0.8032897313435873, 0.8186493714650472, 0.8027170697848002, 0.8950087428092957, 0.8961222370465597, 0.8869738777478536, 0.9255924423535665]",77.5
exp6_2_elu,5,81.13207547169812,"[1.945450782775879, 1.3582440495491028, 0.9402743637561798, 0.625120222568512, 0.4000040113925934, 0.24003305286169052, 0.12919108644127847, 0.06945233996957541, 0.03266611620783806, 0.01833790810778737, 0.0112642927095294, 0.008105068374425173, 0.006189821986481547, 0.004841757752001285]","[1.648524324099223, 1.2274669607480366, 0.9304444193840027, 0.814204732577006, 0.7876728773117065, 0.7998033761978149, 0.8149705727895101, 0.854817787806193, 0.889626681804657, 0.915213406085968, 0.952475388844808, 0.9804914991060892, 1.0029829343159993, 1.0188528696695964]",76.0
exp6_3_swish,1,79.375,"[2.1649335503578184, 1.6777451872825622, 1.2914462685585022, 0.9769006609916687, 0.7019528716802597, 0.47052028179168703, 0.2956774473190308, 0.1831098861992359, 0.11059600338339806, 0.06298136599361896, 0.03946867538616061, 0.02427175799384713, 0.02898415052331984, 0.013802024349570275]","[1.9208914836247761, 1.5851948658625286, 1.3091686964035034, 1.0895442167917888, 0.9665490388870239, 0.924825390179952, 0.7825215458869934, 0.8348816831906637, 0.8380769689877828, 0.7612879276275635, 0.7864728371302286, 0.8721068501472473, 0.8667651613553365, 0.9022481044133505]",77.0
exp6_3_swish,2,77.5,"[2.184386372566223, 1.660062801837921, 1.295126986503601, 0.9944377541542053, 0.7580074965953827, 0.5241624683141708, 0.3046257317066193, 0.16445473656058313, 0.07595798522233962, 0.04014524649828673, 0.02004911219701171, 0.01189552778378129, 0.007897671079263091, 0.005602112831547856, 0.00447740547824651, 0.003688228619284928, 0.003135789989028126, 0.0027283358154818415, 0.0023718777927570047]","[1.8855673869450886, 1.4639733235041301, 1.2307002544403076, 1.045250693957011, 0.942939043045044, 0.8105944991111755, 0.8006107211112976, 0.8189070224761963, 0.8307158549626669, 0.894785463809967, 0.878943940003713, 0.9173782269159952, 0.9446383118629456, 0.950096865495046, 0.9711915254592896, 0.9964783986409506, 1.0000998775164287, 1.0104941924413045, 1.0163532495498657]",75.0
exp6_3_swish,3,85.0,"[2.1979445457458495, 1.6178736329078673, 1.1183184921741485, 0.8060487627983093, 0.5617669969797134, 0.3893022358417511, 0.23897061944007875, 0.14781278297305106, 0.08662505671381951, 0.0519368814304471, 0.03142957827076316, 0.028416978660970926, 0.01877606534399092, 0.012065654760226608, 0.01060695736669004, 0.012443280103616417, 0.0058332450920715925, 0.007292939443141222]","[1.9475198189417522, 1.2773077090581257, 0.9691577752431234, 0.7705527742703756, 0.7053495844205221, 0.5952098270257314, 0.5327947239081064, 0.5287443498770396, 0.4918708602587382, 0.5303186575571696, 0.5440413554509481, 0.5249171952406565, 0.5543171465396881, 0.5723971923192342, 0.5592626730600992, 0.5689379970232645, 0.5796941717465719, 0.5995827515920004]",75.5
exp6_3_swish,4,78.75,"[2.165892517566681, 1.68913277387619, 1.2537622690200805, 0.9360864281654357, 0.674515700340271, 0.47596306800842286, 0.33613243103027346, 0.20496728420257568, 0.14226407334208488, 0.09227423518896102, 0.060839772969484326, 0.04081547800451517, 0.02717588860541582, 0.019358555413782598]","[1.9317458868026733, 1.566078503926595, 1.2869449456532795, 1.142640511194865, 1.0426276922225952, 1.0739357670148213, 0.8496382633845011, 1.002513547738393, 1.0216555992762248, 0.974906841913859, 1.0657900373140972, 1.0962751706441243, 1.0780466794967651, 1.107243279616038]",80.5
exp6_3_swish,5,78.61635220125787,"[2.1627225160598753, 1.664795744419098, 1.3060375332832337, 0.9933262646198273, 0.7251526951789856, 0.481985342502594, 0.29533008486032486, 0.1807638704776764, 0.09728043712675571, 0.05547278076410293, 0.03249523937702179, 0.019649567361921073, 0.013897251943126321]","[1.9026002486546834, 1.5344669024149578, 1.2807432810465496, 1.1759177843729656, 1.0739160378774006, 0.9414840737978617, 0.9370127121607462, 0.9162418246269226, 0.960895299911499, 0.9739933808644613, 1.0232048034667969, 1.0689392288525899, 1.1037095189094543]",75.5
exp7_1_batchnorm,1,83.125,"[1.91245778799057, 1.5268638372421264, 1.3380155205726623, 1.1786070704460143, 1.073602068424225, 0.9467069149017334, 0.8530874609947204, 0.7689647853374482, 0.6837164998054505, 0.6254198312759399, 0.565922075510025, 0.5126420289278031, 0.47022042274475095, 0.4194543927907944, 0.38412445187568667, 0.3465190827846527, 0.32218735814094546, 0.2976071864366531, 0.2755965322256088]","[2.0878105958302817, 1.831567923227946, 1.6499080657958984, 1.520452658335368, 1.4149423440297444, 1.3337907393773396, 1.2923011779785156, 1.204365611076355, 1.1797863245010376, 1.1139576037724812, 1.0884439547856648, 1.0627350012461345, 1.0094517072041829, 0.9923955996831259, 0.9798954129219055, 0.9225111206372579, 0.930617888768514, 0.8735572099685669, 0.8916877706845602]",78.5
exp7_1_batchnorm,2,80.0,"[1.9448687434196472, 1.5148914575576782, 1.3313998460769654, 1.198073399066925, 1.0772677421569825, 0.9582697987556458, 0.8573993682861328, 0.7701615393161774, 0.6835465610027314, 0.6132133781909943, 0.5713805139064789, 0.5000781565904617, 0.45432499051094055, 0.406981948018074, 0.3801846861839294, 0.3433367252349854, 0.3171968787908554, 0.2853482037782669, 0.26611430644989015, 0.2514892578125, 0.2319030374288559, 0.21246389597654342, 0.1974725678563118, 0.1849112793803215, 0.16426680535078048, 0.15985538959503173, 0.15054081976413727, 0.14184245616197586]","[2.0420002539952598, 1.7470124959945679, 1.5210671027501423, 1.4179481665293376, 1.3543279965718586, 1.2644954919815063, 1.2332421938578289, 1.205210288365682, 1.138359824816386, 1.1153413852055867, 1.0503099362055461, 1.0530955791473389, 1.0240990122159321, 0.9751297235488892, 0.9684574405352274, 0.9392726421356201, 0.9107098976771036, 0.8971099654833475, 0.8803698420524597, 0.8746364315350851, 0.8498479326566061, 0.8462666074434916, 0.8359961907068888, 0.8392684658368429, 0.8172956903775533, 0.8046629627545675, 0.8028493523597717, 0.7930604020754496]",79.5
exp7_1_batchnorm,3,85.0,"[1.9720494747161865, 1.531814980506897, 1.3447663187980652, 1.193157422542572, 1.0675111889839173, 0.963293331861496, 0.8575565099716187, 0.7739217281341553, 0.6971596658229828, 0.6325186252593994, 0.5708765387535095, 0.5170548319816589, 0.4809353739023209, 0.4305478483438492, 0.3961089223623276, 0.37447179555892945, 0.33173662722110747, 0.30467077493667605, 0.2839591532945633, 0.2649982899427414, 0.24391717910766603, 0.22131723612546922, 0.20703257322311402, 0.2030465379357338, 0.1840055227279663, 0.17170097529888154]","[2.09045139948527, 1.7560269435246785, 1.5362385511398315, 1.391713261604309, 1.3080933888753254, 1.226510485013326, 1.1692238648732503, 1.1580660343170166, 1.0900803605715434, 1.0691533486048381, 1.039173424243927, 0.9583351810773214, 0.9437165061632792, 0.9139119982719421, 0.8778765598932902, 0.8617842594782511, 0.8554052511850992, 0.8129802147547404, 0.7891382972399393, 0.766247828801473, 0.7454058329264323, 0.7244673172632853, 0.7067575057347616, 0.7026282350222269, 0.6811990737915039, 0.6758272846539816]",81.5
exp7_1_batchnorm,4,80.0,"[2.010458159446716, 1.5835727095603942, 1.39247328042984, 1.2538344621658326, 1.1472464561462403, 1.0423780500888824, 0.9626645267009735, 0.865495502948761, 0.7875076532363892, 0.7244143486022949, 0.6347482800483704, 0.586258715391159, 0.5277006208896637, 0.4789643049240112, 0.4352959245443344, 0.4003140091896057, 0.3721353530883789]","[2.1266541481018066, 1.8452844222386677, 1.6228419939676921, 1.4906220038731892, 1.413623571395874, 1.3400109211603801, 1.268229881922404, 1.2413840691248577, 1.1850513219833374, 1.1634016036987305, 1.1185067494710286, 1.0890304644902546, 1.0662221709887187, 1.017689863840739, 1.0110539396603901, 0.9812102119127909, 0.9690941373507181]",77.0
exp7_1_batchnorm,5,81.13207547169812,"[2.0069485664367677, 1.5676103591918946, 1.3479944467544556, 1.1796160101890565, 1.042832762002945, 0.9290892481803894, 0.8173579692840576, 0.7272070467472076, 0.6514331519603729, 0.5902225315570832, 0.524204695224762, 0.48049156963825224, 0.43305225670337677, 0.3970328539609909, 0.3613962113857269]","[2.1058321793874106, 1.8278393348058064, 1.5945159594217937, 1.4468687375386555, 1.3533453543980916, 1.2686742146809895, 1.2249892155329387, 1.1798793474833171, 1.1315948565800984, 1.100613276163737, 1.0820297201474507, 1.0979905525843303, 1.0516855716705322, 1.039068599541982, 1.004398266474406]",80.0
exp7_2_batchnorm_dropout,1,82.5,"[2.3016374111175537, 2.104788839817047, 1.9916407704353332, 1.8777929663658142, 1.7973823428153992, 1.7566158175468445, 1.6505125641822815, 1.5772913336753844, 1.5044312238693238, 1.4587152242660522, 1.3808358311653137, 1.3053208470344544, 1.244594979286194, 1.1748673439025878, 1.1264654278755188, 1.0201444268226623, 1.0210895597934724, 0.9384913563728332, 0.8931162476539611, 0.8350238740444184, 0.7769362449645996, 0.7421547114849091, 0.6988423705101013, 0.6750453174114227, 0.623386538028717, 0.5687494784593582, 0.5403944760560989, 0.5406050741672516, 0.4823324590921402, 0.46125502586364747]","[2.2219719886779785, 2.053284168243408, 1.908862312634786, 1.8135417699813843, 1.7458668152491252, 1.6620630423227947, 1.6035397052764893, 1.5608243147532146, 1.4957702954610188, 1.4467639525731404, 1.3874369859695435, 1.3381832838058472, 1.295223355293274, 1.275137225786845, 1.2001289923985798, 1.1492931048075359, 1.1340374946594238, 1.116429368654887, 1.0736296971638997, 1.0200631022453308, 0.9736987551053365, 0.9509587486584982, 0.928892195224762, 0.9022549986839294, 0.8903569976488749, 0.8546482920646667, 0.8258282939592997, 0.813015083471934, 0.8099367022514343, 0.789058268070221]",79.0
exp7_2_batchnorm_dropout,2,83.125,"[2.2043358206748964, 1.985483467578888, 1.8848840236663817, 1.8162054657936095, 1.7144883275032043, 1.6472219228744507, 1.607067060470581, 1.5328803300857543, 1.4760910511016845, 1.3985040426254272, 1.289994764328003, 1.2321184635162354, 1.1578890442848206, 1.1304814577102662, 1.0464945077896117, 0.9773614346981049, 0.9442686140537262, 0.8805779457092285, 0.8123315811157227, 0.7505895555019378, 0.7360768914222717, 0.6873883068561554, 0.6273396670818329, 0.5966395616531373, 0.5508222728967667, 0.539100494980812, 0.5026835620403289, 0.4633711606264114]","[2.119218349456787, 1.8748382727305095, 1.7406014998753865, 1.6798336108525593, 1.6357088883717854, 1.5817866722742717, 1.5251893997192383, 1.4763714869817097, 1.4334655205408733, 1.4014232556025188, 1.338549017906189, 1.3021535476048787, 1.2509708007176716, 1.1832013527552288, 1.1342556476593018, 1.1217930714289348, 1.0469104448954265, 1.0398354530334473, 0.9937986135482788, 0.9536667466163635, 0.9297233819961548, 0.8980511824289957, 0.8776682813962301, 0.8591051896413168, 0.8199467460314432, 0.8197031815846761, 0.8027217785517374, 0.7760582168896993]",77.5
exp7_2_batchnorm_dropout,3,89.375,"[2.278774046897888, 2.0733060956001284, 1.9598543286323546, 1.8434821963310242, 1.7605841040611268, 1.6770153760910034, 1.6226166129112243, 1.5183254957199097, 1.4666871786117555, 1.3805047988891601, 1.338734757900238, 1.2814528226852417, 1.1812669277191161, 1.1367748856544495, 1.1061588943004608, 1.0039209187030793, 0.9664962470531464, 0.9137123346328735, 0.8465179145336151, 0.8197463810443878, 0.7634558141231537, 0.7258535623550415, 0.678502482175827, 0.640995305776596, 0.583325469493866, 0.5795386999845504]","[2.194326718648275, 1.9956685304641724, 1.8234341144561768, 1.7100903590520222, 1.6213550964991252, 1.5458354155222576, 1.4850927988688152, 1.405330777168274, 1.3560765584309895, 1.3035602569580078, 1.260431448618571, 1.2205894390741985, 1.1496598720550537, 1.1029641429583232, 1.0510034958521526, 0.9995171030362447, 0.9598722060521444, 0.9093275666236877, 0.8926685452461243, 0.8307866056760153, 0.8257143894831339, 0.8177278637886047, 0.8023786743481954, 0.7630418539047241, 0.7274118463198344, 0.6931930979092916]",79.0
exp7_2_batchnorm_dropout,4,83.125,"[2.287582349777222, 2.1042404651641844, 2.0043572664260862, 1.9124426126480103, 1.8275190711021423, 1.7163312196731568, 1.6546139121055603, 1.5692824959754943, 1.501516830921173, 1.4026190400123597, 1.3499096751213073, 1.2847031950950623, 1.2004821181297303, 1.1476058602333068, 1.097876787185669, 1.0364033818244933, 0.9823730826377869, 0.9189708828926086, 0.8970679342746735, 0.8080190539360046, 0.7639179706573487, 0.7083261370658874, 0.6720127761363983, 0.6451991736888886, 0.6189025282859802, 0.601254403591156, 0.5178123384714126, 0.5468039184808731, 0.5156166911125183, 0.4605175644159317, 0.4402016818523407]","[2.205836613972982, 2.0408055782318115, 1.8981410264968872, 1.8041749795277913, 1.7147612969080608, 1.6494632562001545, 1.6078821420669556, 1.5555044015248616, 1.5044242143630981, 1.456270456314087, 1.4007160663604736, 1.3598114252090454, 1.2903509140014648, 1.2656952142715454, 1.2165446281433105, 1.1752350330352783, 1.161055048306783, 1.1054955919583638, 1.074273665746053, 1.0376112063725789, 1.0175992846488953, 1.013779064019521, 0.9533043503761292, 0.9585797190666199, 0.9166596531867981, 0.8784044981002808, 0.894740621248881, 0.8834433555603027, 0.8602290749549866, 0.8210364580154419, 0.8113879958788554]",79.0
exp7_2_batchnorm_dropout,5,86.16352201257861,"[2.2588355779647826, 2.0674238801002502, 1.9053378343582152, 1.8394026637077332, 1.759913432598114, 1.682153618335724, 1.6113728046417237, 1.5364879965782166, 1.473076844215393, 1.3970845937728882, 1.319582450389862, 1.2604840397834778, 1.160742998123169, 1.0967472672462464, 1.043653130531311, 0.9803800880908966, 0.9262306571006775, 0.8779324769973755, 0.8315809309482575, 0.7549295485019684, 0.759418648481369, 0.6999376296997071, 0.6514307260513306]","[2.2033719221750894, 2.0034945805867515, 1.8195737600326538, 1.7206982374191284, 1.6430936257044475, 1.5869813760121663, 1.5248835881551106, 1.4518503348032634, 1.4020329713821411, 1.349713404973348, 1.2845096190770466, 1.2082334756851196, 1.1792927583058674, 1.123070736726125, 1.0857808391253154, 1.0300002098083496, 1.00047105550766, 0.9757321278254191, 0.9407086769739786, 0.9061420758565267, 0.867107093334198, 0.8453660607337952, 0.8268736004829407]",83.0
exp8_1_penultimate,1,60.625,"[2.2718297719955443, 2.0921799182891845, 2.005994737148285, 1.923638153076172, 1.8197392344474792, 1.7561159253120422, 1.719834303855896, 1.6293247938156128, 1.5382088422775269, 1.489068865776062, 1.4109683394432069, 1.3340121984481812, 1.2346439957618713, 1.1429514586925507, 1.1027315855026245, 1.013924777507782, 0.9338277995586395, 0.9010656774044037, 0.8798188388347625, 0.7961663186550141, 0.747571736574173, 0.7391797780990601, 0.6903451919555664]","[2.1504269440968833, 2.0659144719441733, 1.9655629793802898, 1.9062227010726929, 1.853430946667989, 1.811615029970805, 1.7787989377975464, 1.7424604098002117, 1.7146891752878826, 1.6879423062006633, 1.6584532260894775, 1.6290072202682495, 1.5969444115956624, 1.5719798405965169, 1.5398902495702107, 1.5254337390263875, 1.4941493670145671, 1.4732489585876465, 1.4671401580174763, 1.4553741216659546, 1.4325570265452068, 1.409673810005188, 1.3995011647542317]",69.0
exp8_1_penultimate,2,66.25,"[2.283029866218567, 2.164047288894653, 2.072141420841217, 1.9914996385574342, 1.9007012605667115, 1.8111175298690796, 1.7364477038383483, 1.6770464658737183, 1.5565059781074524, 1.491429054737091, 1.3907041072845459, 1.3388657331466676, 1.2600843548774718, 1.2095969557762145, 1.1605885863304137, 1.0736944258213044, 1.003991848230362, 0.9448858976364136, 0.9222027480602264, 0.8430031418800354, 0.7860608398914337, 0.7710776507854462, 0.7216109335422516, 0.665930426120758, 0.6328128099441528, 0.5911690831184387, 0.5817727833986283, 0.5482660561800003, 0.504443621635437, 0.483594736456871, 0.4799430400133133, 0.4395491749048233, 0.41984858810901643, 0.42517502009868624, 0.3690710335969925, 0.3678691267967224, 0.3186816692352295, 0.3465420573949814, 0.28788586258888244, 0.3035339742898941, 0.30738765001296997, 0.2713661760091782, 0.285987950861454, 0.26095404773950576]","[2.224649429321289, 2.1547252337137857, 2.063843568166097, 1.9962300062179565, 1.9471044937769573, 1.8922453721364338, 1.8536598682403564, 1.814695914586385, 1.7769958972930908, 1.7336652676264446, 1.710140546162923, 1.6824967463811238, 1.6506833632787068, 1.61348823706309, 1.5920590957005818, 1.5644303162892659, 1.5330632130304973, 1.5170355637868245, 1.4940605958302815, 1.4682388305664062, 1.4601474205652873, 1.4435481230417888, 1.4263757864634197, 1.4078770875930786, 1.390614628791809, 1.378490646680196, 1.3575385808944702, 1.344996690750122, 1.3258202870686848, 1.3140654961268108, 1.3103328943252563, 1.2990018924077351, 1.2893163363138835, 1.2838213046391804, 1.2798997163772583, 1.2743580341339111, 1.2700178623199463, 1.2691508531570435, 1.2678577899932861, 1.2653625806172688, 1.2598247528076172, 1.2524017890294392, 1.2595572074254353, 1.2640089591344197]",67.0
exp8_1_penultimate,3,70.0,"[2.318455386161804, 2.110146141052246, 2.0033481121063232, 1.9269411444664002, 1.851604974269867, 1.7674771904945374, 1.7393179893493653, 1.6800985932350159, 1.6029607653617859, 1.5476383328437806, 1.4725678205490111, 1.4140870571136475, 1.3593687891960144, 1.2776037335395813, 1.2251707196235657, 1.1539043188095093, 1.0941325068473815, 1.0361795127391815, 0.9588197827339172, 0.9263312220573425, 0.8646317780017853, 0.7964339256286621, 0.753569495677948, 0.7277330100536347, 0.6867389380931854, 0.6479543924331665, 0.5873563230037689, 0.552315279841423, 0.5358630955219269, 0.5132048547267913, 0.49317786693572996]","[2.1852033933003745, 2.1130515734354653, 2.0408127705256143, 1.981094241142273, 1.9398082097371419, 1.8967080513636272, 1.8568898836771648, 1.817126194636027, 1.7925279140472412, 1.7688722213109334, 1.7213577032089233, 1.6942603190739949, 1.663418134053548, 1.6326932907104492, 1.6065104802449544, 1.5556042989095051, 1.51560111840566, 1.4768737157185872, 1.4536792039871216, 1.4310627778371174, 1.3903112411499023, 1.378231366475423, 1.3603824774424236, 1.3390973409016926, 1.300963004430135, 1.271203597386678, 1.2616324424743652, 1.2450360854466755, 1.227108081181844, 1.2155356804529827, 1.1932336290677388]",66.0
exp8_1_penultimate,4,66.875,"[2.2233405351638793, 2.0947985649108887, 1.9940950870513916, 1.918942141532898, 1.8428362131118774, 1.782411777973175, 1.6838959097862243, 1.6568324446678162, 1.5775208830833436, 1.5131293177604674, 1.4609281420707703, 1.3539714217185974, 1.3184044003486632, 1.2311275243759154, 1.1664038300514221, 1.0993262708187104, 1.0433282732963562, 1.0082843482494355, 0.9464597165584564, 0.8708107888698577, 0.8398688077926636, 0.8015889883041382, 0.7444109082221985, 0.7115204393863678, 0.670256382226944, 0.6359531164169312, 0.6101230412721634, 0.5489683032035828, 0.5222498953342438, 0.4972604036331177, 0.4979122936725616, 0.43658839762210844, 0.4510118752717972, 0.40318017899990083, 0.3936038076877594, 0.3772382974624634, 0.3730636894702911, 0.34793781042099, 0.35659454166889193, 0.2940727204084396, 0.2988311395049095, 0.3261526018381119, 0.28690780103206637]","[2.1061527729034424, 2.024488647778829, 1.9542638460795085, 1.9117134014765422, 1.8722246487935383, 1.8389720916748047, 1.80065921942393, 1.7768134673436482, 1.7510899305343628, 1.724576195081075, 1.692647139231364, 1.6728423833847046, 1.642372488975525, 1.6115407943725586, 1.585996150970459, 1.5529059171676636, 1.5091607173283894, 1.4775592883427937, 1.4539902210235596, 1.4281519254048665, 1.4004363616307576, 1.3849221467971802, 1.359390417734782, 1.3399438460667927, 1.3311898310979207, 1.3049078385035198, 1.2922014792760212, 1.2739322980244954, 1.2613673607508342, 1.2423161665598552, 1.2227761348088582, 1.209613045056661, 1.1907190283139546, 1.1783581972122192, 1.1724614302317302, 1.1770697633425395, 1.171964963277181, 1.1562278270721436, 1.1442919373512268, 1.1275135278701782, 1.121971348921458, 1.1168876886367798, 1.1044371724128723]",66.5
exp8_1_penultimate,5,71.69811320754717,"[2.306355357170105, 2.161202836036682, 2.076540446281433, 2.005649220943451, 1.944238543510437, 1.8819857954978942, 1.8073240399360657, 1.7487156748771668, 1.6755468487739562, 1.6088010311126708, 1.571400225162506, 1.4860970497131347, 1.4491879343986511, 1.3696182727813722, 1.295071017742157, 1.2108549237251283, 1.1786020636558532, 1.0917073786258698, 1.0518433928489686, 1.0138062238693237, 0.9571916401386261, 0.8847853004932403, 0.8638463020324707, 0.8007215201854706, 0.7653733313083648, 0.7221426784992218, 0.6913013696670532, 0.6353132843971252, 0.6329440295696258, 0.599186247587204, 0.5692506432533264, 0.5633917897939682, 0.49601712822914124, 0.4756490796804428, 0.435070076584816, 0.4272921860218048, 0.41488814949989317, 0.36629965901374817, 0.371310818195343, 0.3581796258687973, 0.34959979057312013]","[2.1837282180786133, 2.0912462870279946, 2.016437292098999, 1.9638819694519043, 1.9243885676066081, 1.8959460655848186, 1.8638882637023926, 1.8186450401941936, 1.7776550849278767, 1.7475264072418213, 1.6991205215454102, 1.6688297589619954, 1.6184590657552083, 1.5800749858220418, 1.5466736157735188, 1.5206227699915569, 1.4851072629292805, 1.462724765141805, 1.4356474876403809, 1.406674861907959, 1.374066948890686, 1.3477042118708293, 1.3338814576466878, 1.3158638874689739, 1.2897605895996094, 1.2755017677942913, 1.2485508521397908, 1.2460956970850627, 1.2305436531702678, 1.2114725510279338, 1.2077544530232747, 1.1874678134918213, 1.1668175061543782, 1.1451143026351929, 1.1384366949399312, 1.1259824832280476, 1.1093741655349731, 1.0952402154604595, 1.0875357588132222, 1.0800894498825073, 1.071819583574931]",65.5
exp2_1_deep,1,80.625,"[1.962273359298706, 1.431766653060913, 1.1054693341255188, 0.8646924793720245, 0.6708202660083771, 0.512716743350029, 0.3945614665746689, 0.2944084256887436, 0.22688997089862822, 0.17465546876192092, 0.1326020747423172, 0.10442537814378738, 0.08226026147603989, 0.0653404276818037, 0.05153289511799812, 0.04381014183163643, 0.03598113637417555, 0.030580669920891524, 0.02787897251546383, 0.02328618783503771, 0.021097950264811517, 0.01858135489746928, 0.018578005395829676, 0.014894801843911409, 0.01472215335816145, 0.016938540060073136]","[1.683139403661092, 1.38356351852417, 1.200840433438619, 1.0564895272254944, 0.9607361157735189, 0.8845648566881815, 0.8204106688499451, 0.7745629747708639, 0.758777916431427, 0.7429990569750468, 0.747329572836558, 0.7354900042215983, 0.7399705052375793, 0.7432133555412292, 0.7341180841128031, 0.7409117023150126, 0.7517333825429281, 0.7457491556803385, 0.7490963538487753, 0.757452925046285, 0.7536343534787496, 0.7606610059738159, 0.7621370553970337, 0.7679184079170227, 0.7682530681292216, 0.7768846154212952]",76.5
exp2_1_deep,2,77.5,"[1.9594393134117127, 1.4104891419410706, 1.070044869184494, 0.8283593356609344, 0.6445079177618027, 0.49899567365646363, 0.3829241514205933, 0.2910156860947609, 0.2204531192779541, 0.16600348949432372, 0.12513918727636336, 0.09713364914059638, 0.07432053796947002, 0.05909916684031487, 0.0474627036601305, 0.03848028462380171, 0.032050618715584275]","[1.597558617591858, 1.2852691014607747, 1.0883600115776062, 0.9597285191218058, 0.8721610506375631, 0.8088105916976929, 0.7611877918243408, 0.7289391954739889, 0.7062269051869711, 0.6973244150479635, 0.6924958825111389, 0.6897017955780029, 0.6923698385556539, 0.6994144519170126, 0.7013189991315206, 0.7100173830986023, 0.7169610659281412]",76.5
exp2_1_deep,3,85.0,"[1.9765082836151122, 1.490207600593567, 1.1794372379779816, 0.9164581716060638, 0.7088189840316772, 0.5447766423225403, 0.419084894657135, 0.3224200695753098, 0.24764982759952545, 0.19067323356866836, 0.14587733373045922, 0.11490754187107086, 0.08962010368704795, 0.07275640852749347, 0.05990669801831246, 0.04915669709444046]","[1.6282034317652385, 1.3243519862492878, 1.0976359248161316, 0.9153847297032675, 0.7831409772237142, 0.671303778886795, 0.6018405854701996, 0.5574240287144979, 0.5172863801320394, 0.4952097336451213, 0.4744806985060374, 0.4613412618637085, 0.4558803935845693, 0.453442245721817, 0.4453735152880351, 0.43976038694381714]",79.0
exp2_1_deep,4,81.25,"[1.977091097831726, 1.4064779877662659, 1.0537711381912231, 0.8056631505489349, 0.6249489963054657, 0.490548175573349, 0.3814915671944618, 0.2947571322321892, 0.22747841477394104, 0.17365687042474748, 0.13468978181481361, 0.10462888702750206, 0.0835682813078165, 0.06733619272708893, 0.05476919915527105, 0.04615381192415953, 0.03889288157224655, 0.033202190138399604, 0.029044261574745177, 0.026024354621767998, 0.02258571973070502]","[1.658186395963033, 1.3780252536137898, 1.127015233039856, 0.9674900968869528, 0.8934720754623413, 0.8200144171714783, 0.7861032883326212, 0.7502131263415018, 0.7231828769048055, 0.7207029660542806, 0.70000821352005, 0.7045315305391947, 0.7222528656323751, 0.7130527496337891, 0.7144875725110372, 0.7148752013842264, 0.7182402610778809, 0.7263187567392985, 0.7261669834454855, 0.7311396996180216, 0.733571986357371]",77.5
exp2_1_deep,5,81.76100628930817,"[1.9900315761566163, 1.4601321816444397, 1.1427012264728547, 0.8959644198417663, 0.7050363481044769, 0.5496559023857117, 0.43232264220714567, 0.336873322725296, 0.2601423725485802, 0.19908324480056763, 0.15309121757745742, 0.1171865202486515, 0.09027684852480888, 0.0700811106711626, 0.0550737589597702, 0.04490799847990275, 0.03708450812846422, 0.031124511547386647, 0.02671818919479847, 0.02324618212878704, 0.020363948494195937, 0.018079078756272793, 0.016177115309983493, 0.014489964302629232, 0.013118303380906582]","[1.7530925671259563, 1.4158719778060913, 1.1934703588485718, 1.0567402640978496, 0.9467540383338928, 0.8533408244450887, 0.8016875386238098, 0.7684937318166097, 0.7527677615483602, 0.7330801685651144, 0.7212614218393961, 0.717367966969808, 0.7107231219609579, 0.7137216130892435, 0.7151081363360087, 0.7194767793019613, 0.7224234739939371, 0.7257781227429708, 0.7282130916913351, 0.7332724332809448, 0.7386612494786581, 0.7416336536407471, 0.7449504931767782, 0.7475476066271464, 0.7496831019719442]",76.5
exp2_2_deep,1,80.0,"[2.1323835492134093, 1.6350168347358705, 1.2152002096176147, 0.8704227149486542, 0.6211498945951461, 0.43970749974250795, 0.30038015395402906, 0.20783309638500214, 0.14202573895454407, 0.09950597137212754, 0.0690561056137085, 0.05006209053099155, 0.03678187355399132, 0.0313374700024724, 0.030288893822580577, 0.019529262743890285, 0.021355081629008055, 0.026298585720360278]","[1.8815484046936035, 1.5526082118352253, 1.2528335650761921, 1.0346648295720418, 0.9072908361752828, 0.815729816754659, 0.7461538314819336, 0.7132897973060608, 0.6700228452682495, 0.6720846891403198, 0.6529411474863688, 0.6591177980105082, 0.6716162165006002, 0.6585201223691305, 0.6655622720718384, 0.6878307461738586, 0.6927867333094279, 0.7129911382993063]",77.5
exp2_2_deep,2,80.0,"[2.1217270493507385, 1.650229573249817, 1.2764411091804504, 0.9852608144283295, 0.7370758593082428, 0.5448815822601318, 0.3903968811035156, 0.2664173409342766, 0.18258074596524237, 0.12309493198990822, 0.08452501334249973, 0.058678836561739445, 0.04168774541467428, 0.030087999440729617, 0.02303589675575495, 0.01784057430922985, 0.014330823486670852, 0.011425557639449834, 0.00971397957764566, 0.00801986581645906, 0.006817358173429966, 0.005909791961312294, 0.005198990274220705, 0.004646346205845475]","[1.8435113430023193, 1.501149296760559, 1.2603022654851277, 1.0739015539487202, 0.9497969547907511, 0.8507545391718546, 0.7950613697369894, 0.7624427874883016, 0.7328804930051168, 0.7232685287793478, 0.7142508824666342, 0.718107541402181, 0.7233699758847555, 0.7259120941162109, 0.7275641759236654, 0.7392493486404419, 0.7527557611465454, 0.7609319090843201, 0.7671626011530558, 0.7730979522069296, 0.7811715602874756, 0.7836945652961731, 0.7927866776784261, 0.8030958771705627]",75.0
exp2_2_deep,3,84.375,"[2.1445491552352904, 1.7236886382102967, 1.35925635099411, 1.0530237257480621, 0.8135811746120453, 0.6318290680646896, 0.4879856616258621, 0.3742880463600159, 0.28989037722349165, 0.2078183487057686, 0.15887171626091004, 0.11666598990559578, 0.0878062404692173, 0.06477966606616974, 0.050745951011776924, 0.04258292205631733, 0.03689293600618839]","[1.9227010409037273, 1.5463802019755046, 1.2555540005366008, 1.0464531183242798, 0.8921850124994913, 0.7666706840197245, 0.6768553952376047, 0.6266796588897705, 0.5425994296868643, 0.5015274782975515, 0.49457015593846637, 0.4806700050830841, 0.4697193702061971, 0.46616673469543457, 0.4721556007862091, 0.4819234212239583, 0.4676262338956197]",78.0
exp2_2_deep,4,79.375,"[2.1198370456695557, 1.620208501815796, 1.2095909714698792, 0.9122309744358063, 0.687027496099472, 0.5070988655090332, 0.36722616851329803, 0.266725954413414, 0.19440194740891456, 0.13684575632214546, 0.10074453353881836, 0.07154101356863976, 0.05314995273947716, 0.039245456270873544, 0.03262172108516097]","[1.8614247639973958, 1.4389265378316243, 1.1702568928400676, 0.9976981282234192, 0.8877245386441549, 0.7888053059577942, 0.74211452404658, 0.7252694964408875, 0.7231619755427042, 0.7423398494720459, 0.7365230123202006, 0.7677552302678426, 0.748989979426066, 0.763282577196757, 0.7962879737218221]",78.0
exp2_2_deep,5,83.01886792452831,"[2.1554730892181397, 1.7120476365089417, 1.3197940707206726, 0.9898147940635681, 0.7470477163791657, 0.5550765424966813, 0.4059161484241486, 0.2922620952129364, 0.20559662580490112, 0.14290298148989677, 0.09859272539615631, 0.06900295913219452, 0.04804811924695969, 0.03505652341991663, 0.027077511698007584, 0.021251518838107587, 0.016886639501899482, 0.013975366903468966, 0.011903618928045034, 0.009985777176916599, 0.00859211296774447, 0.007543826475739479, 0.006564955925568938, 0.005846056295558811, 0.005164340790361166, 0.004680453496985137]","[1.9414634307225545, 1.5664965311686199, 1.2888437112172444, 1.1021443406740825, 0.9810660680135092, 0.9011765917142233, 0.8376732071240743, 0.815385619799296, 0.7938522100448608, 0.7780012488365173, 0.7974201440811157, 0.792329212029775, 0.8099093039830526, 0.8260043263435364, 0.8444698055585226, 0.84709499279658, 0.8659889101982117, 0.8782460490862528, 0.8841618100802103, 0.8917275269826254, 0.9032822052637736, 0.9124076763788859, 0.922219713528951, 0.9285840392112732, 0.9329472978909811, 0.939413865407308]",77.0
exp3_1_deep,1,79.375,"[1.5324142098426818, 0.7871123552322388, 0.502957284450531, 0.32280682027339935, 0.2212810128927231, 0.15453736782073973, 0.10856824815273285, 0.07955868244171142, 0.061899271234869956, 0.04873846620321274, 0.039749729074537755, 0.032939554937183854, 0.02865077890455723, 0.026246856525540353]","[1.1991726557413738, 1.0044272541999817, 0.8414562145868937, 0.7805557052294413, 0.7074370582898458, 0.7059283256530762, 0.6773826678593954, 0.6763140559196472, 0.6832736333211263, 0.677520235379537, 0.6749289234479269, 0.6786797046661377, 0.6808022459348043, 0.6835630536079407]",78.5
exp3_1_deep,2,80.0,"[1.5880940079689025, 0.7883825361728668, 0.486189529299736, 0.31230951845645905, 0.20576654821634294, 0.1449996314942837, 0.10429307743906975, 0.07613484300673008, 0.057713883370161055, 0.04553002268075943, 0.036706844717264174, 0.030643457360565663, 0.02591510731726885, 0.022310933470726012, 0.019413491897284984]","[1.0705114603042603, 0.851285974184672, 0.7521890004475912, 0.7133709192276001, 0.671640415986379, 0.6548095146814982, 0.6533116300900778, 0.6542762120564779, 0.6567080815633138, 0.6577532887458801, 0.6596286098162333, 0.6675674915313721, 0.6711522539456686, 0.6743482748667399, 0.6806779901186625]",75.0
exp3_1_deep,3,86.25,"[1.5228250801563263, 0.7671353995800019, 0.500063419342041, 0.3428524062037468, 0.22982654124498367, 0.15933721214532853, 0.11276814267039299, 0.08463010862469673, 0.06565081290900707, 0.05182347968220711, 0.04321347195655108, 0.035721451975405216, 0.03175868969410658, 0.02708792742341757, 0.023529719933867453]","[0.9577772816022238, 0.6933565636475881, 0.5996429820855459, 0.5288233856360117, 0.5163715382417043, 0.4899345239003499, 0.46700291832288104, 0.46427573760350543, 0.45713891585667926, 0.45308871070543927, 0.4471745987733205, 0.44520509243011475, 0.446976770957311, 0.4399350682894389, 0.45028741161028546]",77.0
exp3_1_deep,4,81.25,"[1.5321765065193176, 0.7512362867593765, 0.4712401658296585, 0.30769806951284406, 0.20960417985916138, 0.14474746510386466, 0.10602292194962501, 0.077745021879673, 0.059586649760603905, 0.046868281438946724, 0.03865513876080513, 0.03346041273325682, 0.02967541925609112, 0.023559773154556752, 0.0222047527320683, 0.019055332243442535]","[1.1115072965621948, 0.8813289801279703, 0.762145201365153, 0.7173506617546082, 0.6993606090545654, 0.6902963717778524, 0.6745397448539734, 0.6754122773806254, 0.6982694069544474, 0.6939221620559692, 0.6908912261327108, 0.7009791930516561, 0.7192932963371277, 0.709125816822052, 0.7146326700846354, 0.7234031955401102]",79.5
exp3_1_deep,5,84.27672955974843,"[1.5633938550949096, 0.7751032829284668, 0.48876971900463106, 0.33113807439804077, 0.2254558339715004, 0.1587463915348053, 0.11571762561798096, 0.08566631972789765, 0.06540509462356567, 0.05014311149716377, 0.04033925198018551, 0.0333373611792922, 0.02799514979124069, 0.02406841963529587, 0.020957052148878573, 0.018379803281277418]","[1.3191531697909038, 1.063948114713033, 0.9438839554786682, 0.875505526860555, 0.8423462311426798, 0.825249046087265, 0.8041380246480306, 0.8005814552307129, 0.797727515300115, 0.7918531795342764, 0.7977389891942342, 0.8027831017971039, 0.8023229638735453, 0.8021463553110758, 0.8049047787984213, 0.8070465922355652]",77.5
exp3_2_deep,1,80.0,"[1.5623974204063416, 0.7179287493228912, 0.4339889883995056, 0.2668304264545441, 0.17112056612968446, 0.11491144523024559, 0.08235684633255005, 0.05990895666182041, 0.04644211232662201, 0.03750264402478933, 0.03194736260920763, 0.026329579763114452, 0.023240518942475318, 0.019805217906832696, 0.017581478413194417, 0.017201462108641864]","[1.130146324634552, 0.9105709592501322, 0.7671541174252828, 0.7055956522623698, 0.6729120214780172, 0.651554544766744, 0.640144964059194, 0.6395477056503296, 0.6426594654719034, 0.6378674705823263, 0.6376037995020548, 0.6425515015920004, 0.6431469718615214, 0.6439374089241028, 0.6494096120198568, 0.6498875021934509]",77.0
exp3_2_deep,2,78.75,"[1.4749849557876586, 0.6661723911762237, 0.3901310324668884, 0.2422137513756752, 0.15485935285687447, 0.10029151067137718, 0.06979980431497097, 0.05137676484882832, 0.039073345996439454, 0.031133366748690605, 0.02537472900003195, 0.021313526947051287]","[0.9578284025192261, 0.776076078414917, 0.7171547015508016, 0.6761066118876139, 0.659510095914205, 0.6572945713996887, 0.6534533898035685, 0.6574505170186361, 0.6612787445386251, 0.6698146065076193, 0.6764200528462728, 0.6794557968775431]",77.5
exp3_2_deep,3,86.875,"[1.4793925762176514, 0.7113686978816987, 0.43311428725719453, 0.2634436830878258, 0.17681029587984085, 0.11970504522323608, 0.08090596683323384, 0.057856529206037524, 0.044168788194656375, 0.03551134970039129, 0.030904604867100716, 0.02665662541985512, 0.022159286960959434]","[0.9055693745613098, 0.6604910890261332, 0.53528892993927, 0.4810413122177124, 0.4486786623795827, 0.4389527638753255, 0.42480923732121784, 0.42020829518636066, 0.41296859582265216, 0.40572115778923035, 0.4035577178001404, 0.40038368105888367, 0.40046146512031555]",76.5
exp3_2_deep,4,80.625,"[1.4506637513637544, 0.6458379566669464, 0.37684749960899355, 0.22958860248327256, 0.1467588908970356, 0.09682913944125175, 0.06777240298688411, 0.05010810941457748, 0.038651622273027895, 0.03335412982851267, 0.026386715285480023, 0.025773363746702672, 0.024276097677648066, 0.016974978800863027]","[0.97709721326828, 0.7901619871457418, 0.7357321182886759, 0.687341550985972, 0.6899599432945251, 0.6882027784983317, 0.6951041022936503, 0.6997117797533671, 0.6985183954238892, 0.7164215048154196, 0.7133472164471945, 0.7225698232650757, 0.7368857661883036, 0.7339158852895101]",76.0
exp3_2_deep,5,84.90566037735849,"[1.4674172580242157, 0.6803221046924591, 0.3915753185749054, 0.252467568218708, 0.16009805500507354, 0.10825489386916161, 0.07517383247613907, 0.0542325846850872, 0.04186311736702919, 0.03279517162591219, 0.027202900871634482, 0.022690138779580593]","[1.097704549630483, 0.8747074604034424, 0.7799281279246012, 0.7199945946534475, 0.7192086279392242, 0.7285226384798685, 0.7285430729389191, 0.738511343797048, 0.7441734671592712, 0.7519460419813792, 0.766835351785024, 0.7712560991446177]",77.0
exp3_1_deep,1,81.875,"[2.1556968808174135, 1.6313127875328064, 1.0107581079006196, 0.6508324801921844, 0.44105728566646574, 0.26731389164924624, 0.15377508476376534, 0.09035864546895027, 0.05016569942235947, 0.034777730517089364, 0.0299271903000772, 0.017568563763052224, 0.010987614560872317, 0.009569167671725155]","[1.928320089975993, 1.3666492700576782, 1.0758549968401592, 0.8901476661364237, 0.8386613329251608, 0.7706717054049174, 0.7431671818097433, 0.7105196913083395, 0.7577702204386393, 0.7779927651087443, 0.7711900075276693, 0.766446570555369, 0.8033559123675028, 0.808111290136973]",73.5
exp3_1_deep,2,80.625,"[2.144520950317383, 1.5691100716590882, 1.1095970034599305, 0.7305896759033204, 0.464090022444725, 0.2934535562992096, 0.15199452340602876, 0.08077586255967617, 0.03599348086863756, 0.02023364817723632, 0.01076136901974678, 0.007582001620903611, 0.005491532245650887, 0.004161854647099972, 0.003345994604751468, 0.0028203951427713037]","[1.834808071454366, 1.3763298988342285, 1.0464872519175212, 0.8949085474014282, 0.8315794467926025, 0.7335488001505533, 0.7023199995358785, 0.7496504386266073, 0.6782060265541077, 0.7312362392743429, 0.7634092370669047, 0.7770059903462728, 0.7941714326540629, 0.808678925037384, 0.8148033618927002, 0.823996365070343]",78.0
exp3_1_deep,3,86.875,"[2.16954665184021, 1.5537114500999452, 0.9975992321968079, 0.6467340588569641, 0.44931353628635406, 0.29702185839414597, 0.19365085065364837, 0.10099913887679576, 0.0605428159236908, 0.04175023715943098, 0.02049363302066922, 0.020466431695967912, 0.014057584572583437, 0.008316350542008877, 0.01139158015139401, 0.013927671127021313, 0.006004592077806592, 0.005985673936083913, 0.007573257992044091, 0.010201556130778045, 0.019781345466617493, 0.005515196570195257, 0.011396371165756137, 0.002583615732146427, 0.010862997954245657, 0.01438233390217647, 0.0036976950126700104, 0.007433541357750073, 0.007436859887093306, 0.006977823737543076, 0.0067752157454378905, 0.0036630810878705232]","[1.8690093755722046, 1.190737247467041, 0.814781645933787, 0.6378707687060038, 0.5564006765683492, 0.5406723817189535, 0.4837323725223541, 0.48270414272944134, 0.5024572710196177, 0.46012340982755023, 0.48910508553187054, 0.46868013342221576, 0.4693520963191986, 0.4867818057537079, 0.4726168711980184, 0.48724692066510517, 0.4807245333989461, 0.4732198317845662, 0.48397864898045856, 0.4744788706302643, 0.5071655909220377, 0.5045643250147501, 0.5144524673620859, 0.49422874053319293, 0.5079110662142435, 0.48460864027341205, 0.5506400366624197, 0.48048396905263263, 0.4924657146135966, 0.5042392214139303, 0.48507700363794964, 0.5077802936236063]",75.0
exp3_1_deep,4,82.5,"[2.139055907726288, 1.5473618268966676, 1.0250978350639344, 0.6653500080108643, 0.42930939346551894, 0.255406579375267, 0.14840174838900566, 0.10035211853682995, 0.06392728313803672, 0.037917692214250565, 0.022153111826628446, 0.021369632286950945, 0.012241158029064536, 0.00996948298998177, 0.006408678321167827, 0.007356035010889173, 0.013601345370989292]","[1.8676457405090332, 1.3866433302561443, 1.116725206375122, 0.9383451342582703, 0.874699870745341, 0.8529382745424906, 0.886440098285675, 0.97157088915507, 0.9192179044087728, 0.9333610335985819, 0.979111115137736, 0.9252730011940002, 0.942159116268158, 0.9989072481791178, 1.0141159693400066, 0.9767636855443319, 1.1208683848381042]",76.5
exp3_1_deep,5,82.38993710691824,"[2.0847033977508547, 1.511817753314972, 1.038532054424286, 0.6931744664907455, 0.4591687649488449, 0.2975971817970276, 0.17679719626903534, 0.1079972192645073, 0.056839343160390854, 0.029821446072310208, 0.019102415721863508, 0.011515989527106285, 0.007595989946275949, 0.005876921117305756, 0.004458605078980327, 0.0036056652199476956, 0.003080900711938739, 0.0026421785820275544, 0.0022948362166061997]","[1.8005349238713582, 1.356190284093221, 1.0710112651189168, 0.925462027390798, 0.8682196537653605, 0.8198947111765543, 0.8902739683787028, 0.9139494101206461, 0.9429864486058553, 1.01297394434611, 1.0144885977109273, 1.0595234632492065, 1.088168203830719, 1.1109357873598735, 1.1338039636611938, 1.152004559834798, 1.165675401687622, 1.176636318365733, 1.1894949475924175]",75.0
exp3_2_deep,1,80.0,"[2.223121476173401, 1.8391855478286743, 1.3565157055854797, 0.9339670419692994, 0.6475295841693878, 0.4509782135486603, 0.3196328550577164, 0.21246356666088104, 0.1466759979724884, 0.10479950346052647, 0.06605209577828645, 0.03856430966407061, 0.036293013393878935, 0.020698061492294074, 0.017028477136045696, 0.015625383891165256, 0.01398002216592431]","[2.0728989442189536, 1.6418200333913167, 1.2600319782892864, 0.9811472098032633, 0.8849013249079386, 0.811376710732778, 0.7531434694925944, 0.7170938650767008, 0.7712275187174479, 0.6778368949890137, 0.6932380000750223, 0.7462122639020284, 0.7086682717005411, 0.7274129390716553, 0.7207669218381246, 0.7271958589553833, 0.7719956437746683]",78.0
exp3_2_deep,2,78.75,"[2.228047490119934, 1.8689241409301758, 1.391720700263977, 1.0067725241184236, 0.7374752998352051, 0.5268155813217164, 0.36057938635349274, 0.22832162976264953, 0.14495977237820626, 0.08921822346746922, 0.0544810988008976, 0.03243958000093698, 0.021470052655786276, 0.015294190030544996, 0.01124719763174653, 0.008843990555033088, 0.00702858748845756, 0.005845383484847843, 0.004983884352259338]","[2.0709055264790854, 1.6420079469680786, 1.287050684293111, 1.0695823431015015, 0.92503688732783, 0.8423752188682556, 0.8026703794797262, 0.7717657883961996, 0.7811501622200012, 0.7460500399271647, 0.7838952342669169, 0.8079230388005575, 0.8071311116218567, 0.8188845912615458, 0.839343269666036, 0.8497848908106486, 0.8611210385958353, 0.8606006105740865, 0.8717354734738668]",75.0
exp3_2_deep,3,83.75,"[2.164804458618164, 1.7047632336616516, 1.227910041809082, 0.8738008379936218, 0.6351445347070694, 0.4723934084177017, 0.3174260824918747, 0.21687735468149186, 0.14034037068486213, 0.08492766842246055, 0.056959576345980166, 0.04630857948213816, 0.0342115418985486, 0.021512832120060922]","[1.943203608194987, 1.4358394543329875, 1.0566015044848125, 0.8352197011311849, 0.7060177127520243, 0.631214420000712, 0.587637742360433, 0.5522530873616537, 0.5209987064202627, 0.510618269443512, 0.5680272181828817, 0.5228035052617391, 0.5285493532816569, 0.5319440265496572]",76.5
exp3_2_deep,4,81.25,"[2.239778971672058, 1.9227794289588929, 1.4507007718086242, 1.0216302037239076, 0.7342711210250854, 0.5062596529722214, 0.34730084240436554, 0.22069763541221618, 0.1399374447762966, 0.09187366217374801, 0.05370966475456953, 0.04147569760680199, 0.026789374742656948, 0.019714480638504027, 0.01564041809178889, 0.014774775272235275, 0.014311796985566616, 0.015417760424315929, 0.015475807711482048, 0.01583580654114485, 0.015045577147975563, 0.013277860055677593, 0.005478845210745931, 0.006690035597421229, 0.006401462689973414, 0.00582200187491253, 0.008126585313584655, 0.004315436258912087]","[2.1176177660624185, 1.7869329452514648, 1.4012757142384846, 1.1639848550160725, 1.077203134695689, 0.9718817273775736, 0.9074341456095377, 0.8489948312441508, 0.8984459241231283, 0.9906160434087118, 0.957045833269755, 0.9619948267936707, 1.0115950306256611, 1.011210858821869, 1.044161319732666, 1.0452535549799602, 1.0312494436899822, 1.067749301592509, 1.052613615989685, 1.0780636072158813, 1.075943390528361, 1.1086502075195312, 1.0805131594340007, 1.0956748723983765, 1.1119478543599446, 1.1089012225468953, 1.1360236406326294, 1.1378971735636394]",77.5
exp3_2_deep,5,82.38993710691824,"[2.245515966415405, 1.8773671627044677, 1.249199765920639, 0.8488877296447754, 0.5650626450777054, 0.39745327532291413, 0.291032537817955, 0.18584592491388321, 0.11133667826652527, 0.0657450020313263, 0.03896726705133915, 0.025539233349263668, 0.016930004581809044, 0.012560097174718976, 0.009646644722670317, 0.007740881247445941, 0.006352532096207142, 0.00526792611926794, 0.0045669340994209055, 0.004001697897911072]","[2.1258734862009683, 1.5901086727778118, 1.1552560329437256, 0.945379634698232, 0.8584551215171814, 0.8363586862881979, 0.8071790536244711, 0.8352564771970113, 0.8386333783467611, 0.8505372802416483, 0.8934027155240377, 0.9180782636006674, 0.9330751299858093, 0.9616202712059021, 0.9796348611513773, 0.9908877412478129, 1.0056659777959187, 1.0176518360773723, 1.031292696793874, 1.0424768328666687]",75.5
exp3_3_deep,1,79.375,"[2.2533524513244627, 2.0204869866371156, 1.791499876976013, 1.5756177663803101, 1.3491380572319032, 1.1181577920913697, 0.908455091714859, 0.7137912690639496, 0.5478977859020233, 0.40110001564025877, 0.2933543846011162, 0.21841609925031663, 0.15449238270521165, 0.11765754595398903, 0.09017858989536762, 0.06956276148557664, 0.05414406601339579, 0.038847366161644456, 0.029387903027236463, 0.025006778724491596, 0.026876214426010847, 0.023469267319887875, 0.02106675268150866, 0.011878118617460132, 0.020131175545975565, 0.013789725862443447]","[2.1501263777414956, 1.9282947778701782, 1.7541845639546711, 1.585665186246236, 1.417213241259257, 1.2531408468882244, 1.0951309204101562, 0.9769541025161743, 0.8613035480181376, 0.8077544569969177, 0.7648027539253235, 0.7144612272580465, 0.6910318533579508, 0.6872273882230123, 0.6948378086090088, 0.6902478535970052, 0.6875522335370382, 0.7060628135999044, 0.7142636378606161, 0.7143521904945374, 0.7142040332158407, 0.7189045747121176, 0.739871601263682, 0.7919526696205139, 0.7224790255228678, 0.7494020859400431]",75.5
exp3_3_deep,2,77.5,"[2.2379068613052366, 1.9922768473625183, 1.722995662689209, 1.4876246333122254, 1.2515720844268798, 1.032108724117279, 0.8510201334953308, 0.6919904351234436, 0.5382483422756195, 0.4094333440065384, 0.29835470020771027, 0.21737368255853654, 0.15664351508021354, 0.10946040078997613, 0.08068013936281204, 0.06025216542184353, 0.04522714801132679, 0.03549260552972555]","[2.1172736485799155, 1.838535189628601, 1.5992937088012695, 1.3900497357050579, 1.2283506790796916, 1.1016905109087627, 1.0079068541526794, 0.9336417317390442, 0.8818162282307943, 0.8435676296552023, 0.8421637614568075, 0.8297798832257589, 0.8668006658554077, 0.8453497091929117, 0.899959127108256, 0.9068180322647095, 0.9242889086405436, 0.9545103708902994]",74.0
exp3_3_deep,3,83.75,"[2.2447675228118897, 2.027584171295166, 1.7472524523735047, 1.464731800556183, 1.253751027584076, 1.0574549198150636, 0.8660450875759125, 0.7115368664264679, 0.5839358448982239, 0.46291804909706114, 0.3482352778315544, 0.26093301773071287, 0.18757397830486297, 0.13478125035762786, 0.10034939236938953, 0.07552603520452976, 0.05624660104513168, 0.0446519473567605, 0.037789777107536796]","[2.1394876639048257, 1.8727330366770427, 1.5637151797612507, 1.3279235363006592, 1.1622409224510193, 1.0199182033538818, 0.88609645764033, 0.80035928885142, 0.7451386253039042, 0.6861361463864645, 0.6258504589398702, 0.5900547305742899, 0.5847721099853516, 0.5648608406384786, 0.5840142965316772, 0.5825339555740356, 0.5969451665878296, 0.5837827523549398, 0.613993227481842]",75.0
exp3_3_deep,4,76.25,"[2.2571289777755736, 2.0407217025756834, 1.7123107671737672, 1.4129279255867004, 1.1584946513175964, 0.9516802608966828, 0.7801955103874206, 0.616630744934082, 0.47850301861763, 0.3638712793588638, 0.2674498662352562, 0.18836518377065659, 0.13222164213657378, 0.09472986981272698, 0.06952728182077408, 0.051779107004404065, 0.04014747366309166, 0.03199263326823711, 0.026373289059847593, 0.018275325559079646]","[2.172453244527181, 1.9126101732254028, 1.6570900678634644, 1.4646125237147014, 1.3209782044092815, 1.1895868579546611, 1.075189193089803, 0.9903339942296346, 0.9172572692235311, 0.8745615482330322, 0.8673100272814432, 0.8613221446673075, 0.8572559555371603, 0.8847105304400126, 0.8883824944496155, 0.9075610240300497, 0.9387083848317465, 0.9384109576543173, 0.9533563057581583, 0.9544516603151957]",75.0
exp3_3_deep,5,77.9874213836478,"[2.2315190553665163, 1.9715153574943542, 1.7573972940444946, 1.5721002578735352, 1.3885525941848755, 1.1923542022705078, 0.9973042011260986, 0.8081821084022522, 0.6215192615985871, 0.4673815041780472, 0.3451090931892395, 0.24078873544931412, 0.16886946186423302, 0.12221020311117173, 0.09174158051609993, 0.06740701589733362, 0.050572282448410985, 0.039184892922639845, 0.030321768298745156, 0.024264132604002953, 0.018805301003158092, 0.015266518574208021, 0.012563541531562805, 0.010501888720318675, 0.008872360968962312, 0.00778367007151246, 0.00673146708868444, 0.0059649596689268945, 0.005262262071482837, 0.004736838908866048, 0.004305857582949102, 0.003887747973203659, 0.0035594500368461013, 0.0032665236736647784]","[2.1241584618886313, 1.8945012092590332, 1.7453324794769287, 1.6196927229563396, 1.4905000527699788, 1.3575687408447266, 1.2381757299105327, 1.1481283903121948, 1.0836498737335205, 1.0441297888755798, 1.0318881471951802, 1.0386009017626445, 1.042830189069112, 1.0631953875223796, 1.0845578511555989, 1.1015365918477376, 1.1147544980049133, 1.1428451736768086, 1.151214321454366, 1.1677167614301045, 1.183479328950246, 1.200626293818156, 1.206317166487376, 1.2162484725316365, 1.2317739327748616, 1.2455121080080669, 1.255977471669515, 1.2700442671775818, 1.278556803862254, 1.2855839530626934, 1.2945260802904766, 1.3032850623130798, 1.3104564150174458, 1.3205798467000325]",75.0
exp4_1_dropout,1,81.875,"[2.2022791147232055, 1.9382809758186341, 1.6788190841674804, 1.4966325759887695, 1.3090359807014464, 1.117949616909027, 0.9808911859989167, 0.7574727296829223, 0.6037497669458389, 0.4811927378177643, 0.41010941863059996, 0.32694193720817566, 0.2574686497449875, 0.20031953006982803, 0.16268730536103249, 0.13453380353748798, 0.1172931257635355, 0.07428131923079491, 0.08526894710958004, 0.08632365018129348, 0.07162990383803844, 0.06099291183054447, 0.05189740415662527, 0.06282288543879985, 0.034724477864801886, 0.053878951352089643, 0.054407980479300025, 0.030616460368037224, 0.03150101527571678]","[2.0450854698816934, 1.792214035987854, 1.5716556310653687, 1.4225060145060222, 1.2584957281748455, 1.1523951490720112, 1.009191870689392, 0.9236557682355245, 0.819798489411672, 0.7886458436648051, 0.746440609296163, 0.7115229566891988, 0.7146636446317037, 0.7196854948997498, 0.7411023577054342, 0.7061485846837362, 0.7555485963821411, 0.7279984354972839, 0.7941792209943136, 0.7357239921887716, 0.7456415494283041, 0.6873530149459839, 0.767842968304952, 0.8462238510449728, 0.9312134782473246, 0.9079750974973043, 0.8665114641189575, 0.8239121635754904, 0.8653194308280945]",77.5
exp4_1_dropout,2,81.875,"[2.219342851638794, 1.93915194272995, 1.6834268808364867, 1.392946231365204, 1.1296792149543762, 0.9619444310665131, 0.8561018109321594, 0.7330303311347961, 0.581853699684143, 0.4898131489753723, 0.42400898933410647, 0.3125268444418907, 0.24890141636133195, 0.19255907759070395, 0.169902241230011, 0.15308836475014687, 0.14006645902991294, 0.10723533406853676, 0.10079100765287877, 0.08468092605471611, 0.07168280109763145, 0.06483681462705135, 0.07009246870875359, 0.04564512651413679, 0.051862014830112456, 0.05282779019325971, 0.0350637735798955, 0.04508598912507296, 0.031704836059361696]","[2.0119107166926065, 1.712641755739848, 1.4380353689193726, 1.2062664031982422, 1.0377938151359558, 0.9242631395657858, 0.8605706691741943, 0.8422551353772482, 0.7821320494016012, 0.7259461085001627, 0.761639932791392, 0.7509812712669373, 0.7882854342460632, 0.8064853946367899, 0.8643288215001425, 0.8190809488296509, 0.8417248527208964, 0.9155899286270142, 0.8680945038795471, 0.907373050848643, 0.9581740895907084, 0.9703799883524576, 1.0015966693560283, 1.0209794243176777, 1.0241924325625102, 1.0454840064048767, 1.0829614003499348, 1.0583590666453044, 1.1130740642547607]",78.5
exp4_1_dropout,3,85.0,"[2.2568296670913695, 2.0257676243782043, 1.7628768682479858, 1.5549182415008544, 1.326156198978424, 1.1312287747859955, 0.9508975803852081, 0.8059580206871033, 0.6754327118396759, 0.5856014281511307, 0.501142218708992, 0.4140861004590988, 0.34807940721511843, 0.2915371641516685, 0.22155463546514512, 0.20919497162103654, 0.16431317031383513, 0.15635842606425285, 0.1409777171909809, 0.1340975474566221]","[2.13468345006307, 1.778514305750529, 1.5114469130833943, 1.285425106684367, 1.091891090075175, 0.9203981161117554, 0.8034377892812093, 0.6793580651283264, 0.6354733109474182, 0.5681788822015127, 0.5491049389044443, 0.5083655416965485, 0.4499507546424866, 0.4988623758157094, 0.47571054100990295, 0.4763376514116923, 0.4841419259707133, 0.4598683913548787, 0.4440985272328059, 0.4545172651608785]",79.0
exp4_1_dropout,4,83.75,"[2.2337987661361693, 1.9237852454185487, 1.5863080382347108, 1.3516815066337586, 1.1528988659381867, 0.9620404422283173, 0.8325953125953675, 0.7370304644107819, 0.5716491490602493, 0.5200298339128494, 0.38741244077682496, 0.3338440328836441, 0.31138207018375397, 0.2226576715707779, 0.1626966156065464, 0.1639546625316143, 0.14361022636294365, 0.16319968849420546, 0.09629197493195533, 0.12040174454450607, 0.08716376796364785, 0.07575337961316109, 0.08001595623791218, 0.07539868243038654, 0.057487182319164276, 0.05827432200312614]","[2.082142988840739, 1.7258387009302776, 1.4126028219858806, 1.2237194379170735, 1.113459547360738, 0.984891414642334, 0.9335426290829977, 0.8939334352811178, 0.7788574496905009, 0.801520566145579, 0.797913392384847, 0.8160734176635742, 0.7707246740659078, 0.7790018121401469, 0.8067813913027445, 0.8659761150677999, 0.8283092975616455, 0.8344601392745972, 0.9173182050387064, 0.8990969061851501, 0.9011151790618896, 0.8807722131411234, 0.961818257967631, 0.9931903084119161, 1.092505693435669, 1.0513005654017131]",81.0
exp4_1_dropout,5,82.38993710691824,"[2.224954032897949, 1.9219351768493653, 1.6539245128631592, 1.435200071334839, 1.293008804321289, 1.056136006116867, 0.9049792885780334, 0.7519622325897217, 0.6204952538013458, 0.5567075222730636, 0.4327176034450531, 0.3483369678258896, 0.2969593659043312, 0.25612829625606537, 0.19187334179878235, 0.1520735315978527, 0.11647553145885467, 0.1161514937877655, 0.08687238395214081, 0.08247044160962105, 0.07762190140783787, 0.06248144581913948, 0.07738505862653255, 0.06812495999038219, 0.06779654882848263]","[2.047459046045939, 1.7076000769933064, 1.4196008841196697, 1.2448537747065227, 1.0962597926457722, 0.9958709677060446, 0.8710858027140299, 0.7920990387598673, 0.7890005509058634, 0.7485721508661906, 0.769445558389028, 0.8108643293380737, 0.8231111566225687, 0.8235575755437216, 0.9156894485155741, 1.0033557812372844, 0.9856025179227194, 0.9366230567296346, 0.9448056817054749, 1.0092119971911113, 1.0043975313504536, 1.103887399037679, 1.098258952299754, 1.0469988783200581, 1.0755542318026226]",76.0
exp6_1_leakyrelu,1,79.375,"[2.1629693269729615, 1.7166897058486938, 1.4248072385787964, 1.10471453666687, 0.7905195713043213, 0.5364869683980942, 0.3386442482471466, 0.2153370350599289, 0.12099456191062927, 0.07795054577291012, 0.04340149108320475, 0.03657274954020977, 0.018623286578804254, 0.01611206862144172, 0.010859998408704996, 0.012823580065742135, 0.01027490058913827, 0.010061262780800462, 0.015571086364798249]","[1.9633831183115642, 1.7142806847890217, 1.4673786958058674, 1.1769633690516155, 0.994270900885264, 0.8721798459688822, 0.8431055347124735, 0.8163725932439169, 0.7742969195048014, 0.7908521691958109, 0.7744957407315572, 0.7661993503570557, 0.8124794761339823, 0.7917608022689819, 0.809235672156016, 0.8183434804280599, 0.8254681825637817, 0.8141357700030009, 0.8518437743186951]",76.5
exp6_1_leakyrelu,2,78.75,"[2.2010416269302366, 1.766556715965271, 1.3405664443969727, 0.9864870071411133, 0.6747290849685669, 0.4662171334028244, 0.30488608628511427, 0.19111332520842553, 0.1189731303602457, 0.07387064732611179, 0.04600918758660555, 0.027855908684432506, 0.01871842294931412, 0.012800055602565408, 0.009472169540822506, 0.0074147461913526055, 0.0059795705135911705, 0.0048815796850249175]","[1.9500244458516438, 1.5394068956375122, 1.242362419764201, 1.0317489306132, 0.9018280903498331, 0.8504740595817566, 0.8303319414456686, 0.7891508340835571, 0.7828930815060934, 0.8445374369621277, 0.8581861058870951, 0.8767252564430237, 0.9263148903846741, 0.9302332003911337, 0.9576317469278971, 0.987837553024292, 0.9926972190539042, 1.0053911209106445]",78.0
exp6_1_leakyrelu,3,88.125,"[2.1761647701263427, 1.8327656626701354, 1.5469188809394836, 1.2053760647773744, 0.8745997250080109, 0.64047472178936, 0.45032248497009275, 0.2947668269276619, 0.1887961894273758, 0.11932335868477821, 0.07173793017864227, 0.043927738443017006, 0.03376824669539928, 0.034218912059441206, 0.014420076925307512, 0.012623711908236145, 0.02048604367300868, 0.024108180589973927, 0.01380718220025301]","[1.9273504813512166, 1.6439547538757324, 1.354981780052185, 1.0684342583020527, 0.8332296212514242, 0.670824388662974, 0.5886901915073395, 0.475043257077535, 0.4924699068069458, 0.44253838062286377, 0.4379270573457082, 0.4015045960744222, 0.4226226508617401, 0.43158488472302753, 0.43912672996520996, 0.4223717351754506, 0.4358685215314229, 0.45192378759384155, 0.514174610376358]",72.0
exp6_1_leakyrelu,4,78.75,"[2.1834516882896424, 1.7236328125, 1.3314479112625122, 0.9565041899681092, 0.6691313147544861, 0.4618120908737183, 0.31254428029060366, 0.21487725973129274, 0.1316676028072834, 0.07894671112298965, 0.05124292150139809, 0.032061819825321435, 0.027640003617852925, 0.028295050002634527, 0.013135574851185083, 0.011911086086183787, 0.012511098571121693, 0.0106776540633291, 0.009358862531371415, 0.01186054372228682, 0.008540436765179038]","[1.9651660124460857, 1.615336020787557, 1.3253950277964275, 1.127343972524007, 1.0134850939114888, 0.9911789298057556, 0.8947351376215616, 0.9025670886039734, 0.9775924881299337, 1.0153443614641826, 0.949853797753652, 1.0126742919286091, 0.9975645144780477, 1.034122924009959, 1.0027842322985332, 1.0305561423301697, 1.0718042254447937, 1.0911977291107178, 1.0780892372131348, 1.0746072729428608, 1.100779930750529]",79.5
exp6_1_leakyrelu,5,84.27672955974843,"[2.17896089553833, 1.7338775157928468, 1.3116781830787658, 0.9522658050060272, 0.7078515946865082, 0.5214645773172378, 0.36977462470531464, 0.23838024586439133, 0.1446830488741398, 0.08999019116163254, 0.055745731480419634, 0.035563470982015136, 0.0250429037027061, 0.01693929135799408, 0.012709602899849414, 0.00923459124751389, 0.007256506057456136, 0.0058771243784576654, 0.0048810402164235715]","[1.9713595310846965, 1.5510882536570232, 1.2128483255704243, 1.0102494756380718, 0.9425586660703024, 0.8425398270289103, 0.8002550999323527, 0.7948260307312012, 0.7593067288398743, 0.7425734400749207, 0.7756024201711019, 0.7734835147857666, 0.785598615805308, 0.7997099359830221, 0.8078609307607015, 0.8313289682070414, 0.8517927328745524, 0.8610896666844686, 0.8741528391838074]",77.0
exp6_2_elu,1,81.875,"[1.916037631034851, 1.3564449191093444, 0.9710850834846496, 0.6609293729066849, 0.4366654992103577, 0.272961451113224, 0.16494038254022597, 0.09562529027462005, 0.0498691575601697, 0.032145490124821666, 0.025314669497311114, 0.011648779921233653, 0.012800776539370418, 0.01908212739508599, 0.01835058070719242, 0.0090875671710819, 0.006742993206717074, 0.006083940411917866, 0.005550492508336902, 0.01179633589927107, 0.007017524377442896, 0.007691039587371051, 0.005711361696012318, 0.005807181831914932, 0.004424977791495621, 0.005108814232517034, 0.004858762730145827]","[1.6748552719751995, 1.3073476155598958, 1.0547014872233074, 0.8911819458007812, 0.8181053400039673, 0.7583652933438619, 0.7508868177731832, 0.7663600643475851, 0.7636264363924662, 0.7277183334032694, 0.7561347683270773, 0.8068110744158427, 0.7832010189692179, 0.7664324243863424, 0.765154500802358, 0.7828055421511332, 0.7871672511100769, 0.806299090385437, 0.8093248009681702, 0.8101224104563395, 0.8119787176450094, 0.8108206391334534, 0.8172600865364075, 0.8268271485964457, 0.8268732825915018, 0.8327029943466187, 0.8388504584630331]",75.5
exp6_2_elu,2,80.625,"[1.9103792548179626, 1.3183497190475464, 0.9235559403896332, 0.6159798920154571, 0.40871434807777407, 0.25314100831747055, 0.15140398144721984, 0.0844322569668293, 0.0436548562720418, 0.024540510028600693, 0.015319690015166998, 0.010307471826672554, 0.007453569397330284, 0.005690743355080486, 0.004612465878017247, 0.0038239608285948632, 0.00326206733006984, 0.0028337821713648736, 0.0024707118049263955, 0.0021833880920894442, 0.0019579062471166255, 0.0017578042461536825, 0.0015940487151965498]","[1.5296300252278645, 1.1392099857330322, 0.8734191656112671, 0.7556343475977579, 0.7122843464215597, 0.6905418833096822, 0.6822496453921, 0.6872330705324808, 0.7032588919003805, 0.7366675138473511, 0.770110289255778, 0.794369121392568, 0.8115083773930868, 0.8258535464604696, 0.8410931626955668, 0.8529536724090576, 0.8634509444236755, 0.8752851088841757, 0.8848550319671631, 0.8939707080523173, 0.9026241699854533, 0.9112496376037598, 0.9179104566574097]",76.5
exp6_2_elu,3,86.875,"[1.908936083316803, 1.3396337389945985, 0.9828031420707702, 0.7063667118549347, 0.48172181844711304, 0.2955811396241188, 0.16440556794404984, 0.08012188374996185, 0.04290809128433466, 0.02360189575701952, 0.019148970022797585, 0.013668621890246868, 0.011473239818587899, 0.009894128050655126, 0.007493748026899993, 0.006323913554660976, 0.005461895256303251]","[1.4931203524271648, 1.1288418372472127, 0.881665050983429, 0.7387754718462626, 0.5971294343471527, 0.5286513765652975, 0.45424559712409973, 0.4581940770149231, 0.47735297679901123, 0.4913676877816518, 0.47112249334653217, 0.5017087260882059, 0.49679286281267804, 0.49318743745485943, 0.49287140369415283, 0.5023061533768972, 0.5049893458684286]",78.5
exp6_2_elu,4,85.625,"[1.873292374610901, 1.3185391187667848, 0.9959562480449676, 0.7152913570404053, 0.49027292132377626, 0.30879939496517184, 0.17356309667229652, 0.09127074182033539, 0.05435311496257782, 0.030764980427920818, 0.025606565177440643, 0.012681746995076537, 0.011088407458737492, 0.010450029536150396, 0.009443996776826679, 0.00778585160151124, 0.006895528407767415, 0.005517235375009477, 0.010675792663823814, 0.008696406823582947, 0.0058715578867122534, 0.005976348486728966, 0.008515686355531215]","[1.5495160818099976, 1.2363813320795696, 1.0379546682039897, 0.910243550936381, 0.806553860505422, 0.7772068579991659, 0.7869261701901754, 0.7275119026501974, 0.8255719542503357, 0.8485995531082153, 0.8220049540201823, 0.8797707160313925, 0.8491323987642924, 0.8517093658447266, 0.862675686677297, 0.8832504153251648, 0.8936548233032227, 0.8964409430821737, 0.9050040443738302, 0.9429226318995158, 0.9142433802286783, 0.9292561610539755, 0.9247124393781027]",77.5
exp6_2_elu,5,83.64779874213836,"[1.935688602924347, 1.3883600115776062, 0.989291536808014, 0.6896628201007843, 0.4429534196853638, 0.2756388783454895, 0.15340461432933808, 0.08251257911324501, 0.04132070895284414, 0.02030312968418002, 0.01325509287416935, 0.008613763470202684, 0.006479039695113898, 0.005032194196246564, 0.004150763992220164, 0.003520348621532321, 0.0030351347057148816]","[1.5971353848775227, 1.223756472269694, 0.958226223786672, 0.7996787230173746, 0.7402277787526449, 0.7435100674629211, 0.7542938391367594, 0.7830849786599478, 0.8285868565241495, 0.8694877028465271, 0.9087996085484823, 0.9465404550234476, 0.970927913983663, 0.9884631435076395, 1.0063953598340352, 1.0240237712860107, 1.0399979551633198]",78.0
exp6_3_swish,1,81.875,"[2.1794098615646362, 1.6366242051124573, 1.2213302254676819, 0.8370119810104371, 0.5700726211071014, 0.38576715290546415, 0.22156531661748885, 0.1351174872368574, 0.08179798759520054, 0.05058292243629694, 0.03677109554409981, 0.033061675960198045, 0.01797384088858962, 0.018445830745622515, 0.008364950446411968, 0.00949715618044138, 0.008844427415169775, 0.006440688483417034, 0.00783533116336912, 0.012094221077859402, 0.003914547711610794, 0.009794228035025299]","[1.884342630704244, 1.5199452638626099, 1.154549201329549, 0.9442281126976013, 0.9124114314715067, 0.7998548348744711, 0.7751874327659607, 0.7344115177790324, 0.7383159399032593, 0.7576273878415426, 0.7794134616851807, 0.7730872432390848, 0.7663028836250305, 0.7755724191665649, 0.7878708243370056, 0.8031961917877197, 0.8079260190327963, 0.8163984417915344, 0.8289634188016256, 0.8271357417106628, 0.853817860285441, 0.8380356828371683]",74.0
exp6_3_swish,2,76.875,"[2.1724385023117065, 1.6187791347503662, 1.228888201713562, 0.9238505721092224, 0.6690823554992675, 0.46415630280971526, 0.3013669952750206, 0.1766683652997017, 0.106176220998168, 0.06200328506529331, 0.03733121585100889, 0.02276149010285735, 0.014636003039777279, 0.010189064219594002, 0.007202929677441716, 0.005529074324294924, 0.00458898760844022, 0.003801833442412317, 0.003156244126148522, 0.0027227857848629356, 0.0023853173945099114, 0.0021034594625234603, 0.001889116456732154, 0.0017034406890161335, 0.001534857100341469, 0.001404007215751335, 0.001287646236596629, 0.0011902410362381489]","[1.832328240076701, 1.3901564280192058, 1.171339472134908, 0.9825789531071981, 0.8864673177401224, 0.8276487191518148, 0.8248731891314188, 0.8441584308942159, 0.9006693561871847, 0.9377641280492147, 0.9477985302607218, 1.017547070980072, 1.0274691184361775, 1.0494384566942851, 1.073806603749593, 1.097907543182373, 1.1027210553487141, 1.1292261679967244, 1.1322629849116008, 1.1424472332000732, 1.1581586201985676, 1.166239341100057, 1.1745838324228923, 1.1851246356964111, 1.1927841504414876, 1.2003467480341594, 1.2074343760808308, 1.2168538570404053]",77.5
exp6_3_swish,3,86.875,"[2.1797508597373962, 1.738117790222168, 1.3140881299972533, 0.9844133973121643, 0.6908903241157531, 0.46759111881256105, 0.3031418606638908, 0.18369486331939697, 0.1147067479789257, 0.07029223404824733, 0.05963052287697792, 0.046467278804630044, 0.03381690327078104, 0.022257670201361178, 0.01311548538506031, 0.014699277374893427, 0.008784588146954774, 0.008943794062361121, 0.007397053902968765]","[1.8833502928415935, 1.4820396502812703, 1.1689785718917847, 0.9596433838208517, 0.7070143520832062, 0.5756985942522684, 0.5464162429173788, 0.4723084072271983, 0.5056223273277283, 0.4822542468706767, 0.5102140506108602, 0.5151090224583944, 0.4750094413757324, 0.4932018220424652, 0.4904661973317464, 0.47805628180503845, 0.49309080839157104, 0.48722168803215027, 0.4988747239112854]",75.5
exp6_3_swish,4,79.375,"[2.1820306181907654, 1.6063443541526794, 1.0851019501686097, 0.7844253957271576, 0.5734625339508057, 0.4165761977434158, 0.2926278457045555, 0.19707898497581483, 0.12563009485602378, 0.08673044443130493, 0.07612435109913349, 0.06301217898726463, 0.032991050742566586, 0.017846979945898057, 0.014674166170880198, 0.00836426205933094, 0.013512202398851514, 0.009879115200601519, 0.011474130884744227, 0.01379371469374746, 0.005550103960558772, 0.008003451302647591, 0.004411281575448811]","[1.9297867218653362, 1.4316294193267822, 1.1940954128901164, 1.0688350399335225, 1.0309392015139263, 0.9285306731859843, 1.003430426120758, 0.9416462182998657, 0.9944255153338114, 0.9994294047355652, 1.0111646850903828, 1.089296559492747, 0.978471020857493, 1.0514071583747864, 1.035178581873576, 0.9946241974830627, 1.079913814862569, 1.086483120918274, 1.0489305257797241, 1.1025248765945435, 1.0351642568906148, 1.0730643272399902, 1.1719402472178142]",76.0
exp6_3_swish,5,81.13207547169812,"[2.1703450322151183, 1.6977376818656922, 1.3675583243370055, 1.0120747864246369, 0.7084208250045776, 0.484206622838974, 0.32358038127422334, 0.19508129134774208, 0.11050811186432838, 0.061550453305244446, 0.03318653516471386, 0.018895379081368447, 0.012134626694023608, 0.00807327013462782, 0.00592132885940373, 0.004655711841769517]","[1.9097553888956706, 1.5792729059855144, 1.2476051251093547, 1.001515765984853, 0.8404624859491984, 0.7608868877092997, 0.7028889656066895, 0.7154831886291504, 0.720477819442749, 0.7228177189826965, 0.7471654415130615, 0.7716524402300516, 0.8073019584019979, 0.7979743878046671, 0.8145652413368225, 0.8378670612970988]",74.5
exp7_1_batchnorm,1,83.125,"[1.9501685500144958, 1.5672914266586304, 1.4115515232086182, 1.2579984307289123, 1.1321677923202516, 1.0259133040905, 0.9147180140018463, 0.8140640556812286, 0.7385295689105987, 0.6661725521087647, 0.5896129250526428, 0.5292503118515015, 0.48822211623191836, 0.4399905025959015, 0.4049934446811676, 0.3738795518875122, 0.33398586213588716, 0.31249302327632905, 0.274872300028801, 0.26032834500074387, 0.2340857446193695, 0.23057509809732438, 0.21723034828901291, 0.19295845478773116, 0.18026638627052308, 0.1747376099228859, 0.1583135724067688, 0.15080347508192063, 0.13790463507175446, 0.13326132148504258, 0.11928166002035141, 0.12092545479536057, 0.11060846298933029, 0.09924101680517197, 0.09846095442771911, 0.09239977300167083]","[2.0600268840789795, 1.776262601216634, 1.6043028434117634, 1.4949074586232503, 1.423943559328715, 1.356225609779358, 1.2985527515411377, 1.2359308004379272, 1.1789271036783855, 1.1389542818069458, 1.0974384943644206, 1.042042851448059, 1.0235393643379211, 0.9905194640159607, 0.9717964331309, 0.9492711822191874, 0.9177124698956808, 0.885518213113149, 0.8824268579483032, 0.8573659658432007, 0.843746026357015, 0.8168493509292603, 0.7883836627006531, 0.7731435298919678, 0.7680109143257141, 0.7654232382774353, 0.7647032936414083, 0.7524678309758505, 0.7389092644055685, 0.7302364508310953, 0.7300891081492106, 0.7282839020093282, 0.7218753298123678, 0.7051931420962015, 0.696494460105896, 0.6922134160995483]",79.0
exp7_1_batchnorm,2,81.875,"[1.973987054824829, 1.5261369109153748, 1.326478612422943, 1.1747424840927123, 1.0524208068847656, 0.9247875988483429, 0.8432812213897705, 0.7458005845546722, 0.6687120914459228, 0.5943856656551361, 0.5395380318164825, 0.4770260214805603, 0.43805769383907317, 0.39564133882522584, 0.3605209290981293, 0.3339881807565689, 0.2998430997133255, 0.28721627593040466]","[2.095350503921509, 1.8057594299316406, 1.5502854188283284, 1.3946439822514851, 1.3152453502019246, 1.2399814128875732, 1.1982864538828533, 1.136094609896342, 1.1110833883285522, 1.0800309975941975, 1.0505029360453289, 1.0224769512812297, 0.979915976524353, 0.9603429635365804, 0.9225189884503683, 0.9231672088305155, 0.8953335881233215, 0.8805931607882181]",79.5
exp7_1_batchnorm,3,86.875,"[1.91873459815979, 1.4895980715751649, 1.285597562789917, 1.1212505102157593, 0.9740733802318573, 0.8705750405788422, 0.7531269490718842, 0.6946432173252106, 0.5976414144039154, 0.5434157252311707, 0.4799348682165146, 0.43849483132362366, 0.38622810542583463, 0.3548908054828644, 0.3289180606603622, 0.30355609953403473, 0.27323780208826065]","[2.060708920160929, 1.7343664566675823, 1.4923581679662068, 1.348140041033427, 1.261018991470337, 1.184043049812317, 1.1269704103469849, 1.069563627243042, 1.0421301126480103, 1.0128623247146606, 0.9492013255755106, 0.9168263872464498, 0.8824124137560526, 0.8791158596674601, 0.837295393149058, 0.822828491528829, 0.7914550105730692]",82.5
exp7_1_batchnorm,4,81.875,"[1.9548060178756714, 1.5461814761161805, 1.3764913916587829, 1.2278815269470216, 1.0935676336288451, 0.9792733907699585, 0.897758674621582, 0.7943816959857941, 0.7187117815017701, 0.6541081190109252, 0.5840954184532166, 0.5235307902097702, 0.48182803988456724, 0.43105931878089904, 0.40382358729839324]","[2.0908757050832114, 1.8218746185302734, 1.6121387481689453, 1.4798762798309326, 1.3908106883366902, 1.3125539223353069, 1.2538304328918457, 1.201024095217387, 1.1779024998346965, 1.1333599885304768, 1.08699631690979, 1.0508853395779927, 1.0252155661582947, 1.0005224347114563, 0.9676011800765991]",79.5
exp7_1_batchnorm,5,84.27672955974843,"[1.9956903457641602, 1.5880602240562438, 1.3869489669799804, 1.2375834822654723, 1.1105709433555604, 0.9799727618694305, 0.8820711135864258, 0.7941171765327454, 0.6980401694774627, 0.6314040422439575, 0.5676363468170166, 0.5092037826776504, 0.45800650119781494, 0.42810496389865876, 0.38911000490188596, 0.35843774676322937, 0.32985568344593047, 0.29607575535774233]","[2.1276232401529946, 1.8542988697687786, 1.6113903125127156, 1.4792853991190593, 1.3818777799606323, 1.326423207918803, 1.258721907933553, 1.2059990167617798, 1.146361509958903, 1.0878334840138753, 1.0371753374735515, 1.0133326252301533, 0.9698493083318075, 0.9516706069310507, 0.9289718270301819, 0.904492457707723, 0.8513418038686117, 0.8515625]",78.0
exp7_2_batchnorm_dropout,1,83.75,"[2.2691330194473265, 2.036604082584381, 1.9374227643013, 1.8339627265930176, 1.7283360838890076, 1.6800015091896057, 1.5859504818916321, 1.5118561863899231, 1.4340347528457642, 1.355209195613861, 1.2933531045913695, 1.2469992637634277, 1.1713899374008179, 1.1102995038032533, 1.0550726115703584, 0.9870162606239319, 0.9749803364276886, 0.8980177879333496, 0.8292448878288269, 0.7713867962360382, 0.7619854509830475, 0.687045955657959, 0.6909578502178192, 0.6194413423538208, 0.5790761113166809, 0.5453393697738648, 0.5216517925262452, 0.5158474892377853, 0.4880073368549347, 0.4362431585788727, 0.4298380374908447, 0.4083401173353195]","[2.206552267074585, 1.9888880650202434, 1.8335198561350505, 1.7390127579371135, 1.6406472126642864, 1.5809507369995117, 1.5128908157348633, 1.469953139623006, 1.4174604018529255, 1.36343252658844, 1.334836443265279, 1.2810431321461995, 1.236169695854187, 1.201739986737569, 1.1511210600535076, 1.1248708566029866, 1.0657363136609395, 1.0353283882141113, 1.002946416536967, 0.9827471176783243, 0.9298032919565836, 0.9085583090782166, 0.879560649394989, 0.8370136022567749, 0.8272565007209778, 0.8003745476404825, 0.7780431707700094, 0.7441467444101969, 0.7356358369191488, 0.7115471164385477, 0.7179129521052042, 0.7115798592567444]",77.0
exp7_2_batchnorm_dropout,2,81.875,"[2.261975955963135, 2.0154515147209167, 1.8759564876556396, 1.7717002749443054, 1.688086450099945, 1.6295890927314758, 1.5752558946609496, 1.4757442831993104, 1.4187689185142518, 1.3314564108848572, 1.2593570113182069, 1.1881938099861145, 1.1571606636047362, 1.0992539048194885, 1.0176043152809142, 0.9549032688140869, 0.9266479313373566, 0.8637758135795593, 0.7974041938781739, 0.7617097556591034, 0.7344641149044037, 0.7006097972393036, 0.6578522503376008, 0.6290290474891662, 0.5551458299160004, 0.5603427797555923]","[2.1558151245117188, 1.911379297574361, 1.747464895248413, 1.6413667996724446, 1.5634842713673909, 1.5120666821797688, 1.4484471082687378, 1.4046911398569744, 1.3545966545740764, 1.303794503211975, 1.2557753721872966, 1.2176792621612549, 1.171213706334432, 1.1418752670288086, 1.0943553845087688, 1.0641462405522664, 1.0160164833068848, 0.9899496038754781, 0.9654687841733297, 0.9356926480929056, 0.9014474749565125, 0.8975722193717957, 0.8622914354006449, 0.8547046780586243, 0.846990704536438, 0.8046886920928955]",79.5
exp7_2_batchnorm_dropout,3,88.125,"[2.2490955114364626, 2.0688983678817747, 1.93111971616745, 1.8304008483886718, 1.7586348533630372, 1.6718536138534545, 1.6070003271102906, 1.536903965473175, 1.461016058921814, 1.4273228764533996, 1.3361412763595581, 1.2831098318099976, 1.2337172746658325, 1.1665752410888672, 1.1089363873004914, 1.0520615816116332, 0.9554838001728058, 0.9386196851730346, 0.8745262205600739, 0.7931980848312378, 0.7891611516475677, 0.6998092293739319, 0.6744207680225373, 0.6522981464862824, 0.5888491034507751, 0.543665173649788, 0.5392500072717666]","[2.183774789174398, 1.9559419949849446, 1.782628019650777, 1.6824325323104858, 1.6014443635940552, 1.559000809987386, 1.5006275177001953, 1.456852396329244, 1.4295080105463664, 1.3554250001907349, 1.2895164489746094, 1.2391658624013264, 1.1952245632807414, 1.1632566650708516, 1.1112780372301738, 1.0620748202006023, 0.9967892567316691, 0.9589787522951762, 0.935780386130015, 0.8944835464159647, 0.8759792645772299, 0.8504896362622579, 0.8087482452392578, 0.7777872681617737, 0.7435200413068136, 0.7346906065940857, 0.7049546241760254]",77.0
exp7_2_batchnorm_dropout,4,85.0,"[2.2652024745941164, 2.0154462814331056, 1.9038620591163635, 1.8164983987808228, 1.7387922167778016, 1.6494425296783448, 1.5981455206871034, 1.5305049061775207, 1.4460707664489747, 1.4304141521453857, 1.3382773399353027, 1.2697743892669677, 1.2280810713768004, 1.144907283782959, 1.1037464022636414, 1.0321566879749298, 0.9790091753005982, 0.9463859438896179, 0.9000600397586822, 0.8347153663635254, 0.7843890428543091, 0.7191182672977448, 0.697158819437027, 0.652214503288269, 0.611102432012558, 0.5667666912078857, 0.5325264930725098, 0.5264623373746872, 0.4776154518127441, 0.4673692375421524]","[2.1360310713450112, 1.9035240809122722, 1.7601381540298462, 1.6783507267634075, 1.6348671515782673, 1.5891938209533691, 1.5380712350209553, 1.4923876921335857, 1.4240521589914958, 1.3699047962824504, 1.3357306718826294, 1.3045181433359783, 1.2443561553955078, 1.202223300933838, 1.1751850843429565, 1.1210530996322632, 1.0820649862289429, 1.0757627884546916, 1.0241778294245403, 0.9932125806808472, 0.9714662631352743, 0.9380527138710022, 0.8971653580665588, 0.8694728414217631, 0.8537434538205465, 0.8468573093414307, 0.8190041979153951, 0.8064091006914774, 0.7791201869646708, 0.7910625537236532]",78.0
exp7_2_batchnorm_dropout,5,86.79245283018868,"[2.236310529708862, 2.065087604522705, 1.9958154916763307, 1.8916341185569763, 1.788769578933716, 1.6990519881248474, 1.6471473813056945, 1.5652039051055908, 1.4898020029067993, 1.4511106967926026, 1.3757463932037353, 1.3239972949028016, 1.2380930662155152, 1.1760177731513977, 1.0921772480010987, 1.0469157159328462, 1.004565918445587, 0.9460416197776794, 0.9176242530345917, 0.8321783602237701, 0.7799678325653077, 0.7308930218219757, 0.6606585144996643, 0.6395277321338654, 0.5919279336929322, 0.5615770071744919, 0.5353107362985611, 0.5077729791402816, 0.4835512161254883, 0.45892678797245023, 0.4256014615297318, 0.4132345229387283, 0.41267538368701934, 0.34732421934604646, 0.37115438580513, 0.35777128040790557, 0.3402502566576004, 0.34391174018383025]","[2.2207509676615396, 2.0503640174865723, 1.929652730623881, 1.8300888538360596, 1.7494885524113972, 1.672871987024943, 1.5939027468363445, 1.5437289476394653, 1.487518072128296, 1.4202607075373332, 1.3473825852076213, 1.28357728322347, 1.2361528476079304, 1.1910524368286133, 1.1377689838409424, 1.118754804134369, 1.0836601257324219, 1.0517117182413738, 0.996718962987264, 0.9667866031328837, 0.9621935884157816, 0.9373665054639181, 0.9205655256907145, 0.8980806072552999, 0.8807929356892904, 0.8762152194976807, 0.8551937143007914, 0.8555403550465902, 0.8503074049949646, 0.837821344534556, 0.8246078093846639, 0.8235235015551249, 0.8176757494608561, 0.7905654311180115, 0.7385828892389933, 0.7129713098208109, 0.7110453645388285, 0.7004611094792684]",82.0
exp4_2_dropout,1,81.25,"[2.286289024353027, 2.20771644115448, 2.089852046966553, 1.9582913637161254, 1.768721067905426, 1.679194414615631, 1.5932665109634399, 1.471234917640686, 1.3916513919830322, 1.2900994181632996, 1.260639750957489, 1.1732585668563842, 1.0816194355487823, 0.9727424085140228, 0.9275336563587189, 0.8867283940315247, 0.7651657581329345, 0.6991871267557144, 0.6821511805057525, 0.632183986902237, 0.5582687944173813, 0.5179756492376327, 0.43818123936653136, 0.4061224192380905, 0.3845174700021744, 0.399727463722229, 0.3185462519526482, 0.29706007093191145, 0.28578824549913406, 0.25603181719779966, 0.23915330320596695, 0.25172659754753113, 0.25436520427465437, 0.1998493790626526, 0.19793119579553603, 0.1692942276597023, 0.19426143169403076, 0.1789458028972149, 0.15505354441702365, 0.15162398666143417, 0.15018470548093318, 0.14587296843528746, 0.13222084604203702, 0.1332924947142601, 0.1112327441573143, 0.12064648866653442, 0.10295260287821292, 0.12019449472427368, 0.11370692923665046]","[2.2466010252634683, 2.1167420546213784, 1.9183683395385742, 1.7229584852854412, 1.575175682703654, 1.4690521955490112, 1.3847932815551758, 1.303684910138448, 1.2312150398890178, 1.1544676224390666, 1.09698090950648, 1.0554421345392864, 1.003606140613556, 0.9768391052881876, 0.9047033985455831, 0.8660802443822225, 0.8475563128789266, 0.8094291090965271, 0.7856130798657736, 0.7449259956677755, 0.7565646171569824, 0.7768484751383463, 0.7497185071309408, 0.7149942318598429, 0.6974287430445353, 0.7129405538241068, 0.722035547097524, 0.7810754378636678, 0.7587583065032959, 0.7310287555058798, 0.7472843329111735, 0.7579013109207153, 0.7622072100639343, 0.7871658007303873, 0.8244346181551615, 0.8371832966804504, 0.8082753419876099, 0.7705266276995341, 0.8041109442710876, 0.8131754795710245, 0.8337392012278239, 0.835645337899526, 0.8579282363255819, 0.893501341342926, 0.8808484474817911, 0.8661260803540548, 0.9046219189961752, 0.8952552477518717, 0.8558205167452494]",76.5
exp4_2_dropout,2,81.25,"[2.275532841682434, 2.160336136817932, 1.9985925912857057, 1.8878472685813903, 1.7586028456687928, 1.7075527906417847, 1.5730987548828126, 1.4657127380371093, 1.3950828790664673, 1.3468475818634034, 1.2244626998901367, 1.1868487358093263, 1.0776454508304596, 0.9684916377067566, 0.8907337814569474, 0.8382100462913513, 0.7507949829101562, 0.6727293610572815, 0.6498812377452851, 0.554792395234108, 0.5377066493034363, 0.4921280235052109, 0.4882111430168152, 0.4393151044845581, 0.40278846919536593, 0.2960841879248619, 0.3500568702816963, 0.29522211402654647, 0.2898442819714546, 0.2392462506890297, 0.2476166605949402, 0.23666488528251647, 0.23363120406866072, 0.21139089912176132, 0.2230452664196491, 0.17079968899488449, 0.13628973811864853]","[2.190108299255371, 1.9981955289840698, 1.798035740852356, 1.6642591953277588, 1.5679038763046265, 1.4775625069936116, 1.3852063020070393, 1.2947698036829631, 1.2243849039077759, 1.1531788508097331, 1.0780920783678691, 1.009286145369212, 0.9220609068870544, 0.8695405324300131, 0.8300475279490153, 0.7928866744041443, 0.7437560359636942, 0.7319361170132955, 0.7112973928451538, 0.7510753671328226, 0.7323084274927775, 0.7698903282483419, 0.7716779510180155, 0.8122812310854594, 0.7402495940526327, 0.7211362520853678, 0.7594158053398132, 0.8349463144938151, 0.8115014831225077, 0.7937220136324564, 0.8209642171859741, 0.854971686999003, 0.8949515422185262, 0.9500972032546997, 0.859760562578837, 0.859677235285441, 0.9230504631996155]",78.5
exp4_2_dropout,3,88.125,"[2.30263729095459, 2.222951054573059, 2.084899866580963, 1.9874978423118592, 1.750826394557953, 1.6513551354408265, 1.590791440010071, 1.4265654921531676, 1.3377293586730956, 1.2815479397773744, 1.1792014002799989, 1.1011987388134004, 1.0716537415981293, 1.0494654834270478, 0.9616812884807586, 0.86407191157341, 0.8201482892036438, 0.7768483996391297, 0.6590193212032318, 0.6315471947193145, 0.5888724654912949, 0.5483542919158936, 0.5199779629707336, 0.4665917843580246, 0.3643958032131195, 0.42029705345630647, 0.3593821138143539, 0.3590523198246956, 0.2996500089764595, 0.2928161323070526, 0.27856370657682417, 0.2529222577810287, 0.263579398393631, 0.23653551936149597, 0.21715550869703293, 0.22431571632623673, 0.19434823095798492, 0.2026524618268013, 0.19288587048649788]","[2.2432581583658853, 2.1128974755605063, 1.8975679874420166, 1.6571098963419597, 1.4678887526194255, 1.3038263320922852, 1.212616542975108, 1.1079551378885906, 1.0218430757522583, 0.9617448250452677, 0.8953317801157633, 0.8224583665529887, 0.7734299500783285, 0.7617689172426859, 0.7215543786684672, 0.6854362686475118, 0.6546133160591125, 0.5960197150707245, 0.6015422741572062, 0.5714925626913706, 0.5742059250672659, 0.5365662773450216, 0.53172500928243, 0.5625450511773428, 0.5173925360043844, 0.5243320465087891, 0.5660720268885294, 0.529507040977478, 0.5001808603604635, 0.5024383366107941, 0.5281079212824503, 0.5278810362021128, 0.5288670460383097, 0.5549179514249166, 0.5630446473757426, 0.5440017382303873, 0.5514069298903147, 0.5073929031689962, 0.5206763098637263]",80.0
exp4_2_dropout,4,83.125,"[2.274977207183838, 2.1616149663925173, 2.00550662279129, 1.854959738254547, 1.7638388633728028, 1.7142951488494873, 1.6040188312530517, 1.5339001655578612, 1.375136947631836, 1.337478017807007, 1.2529552578926086, 1.1366672813892365, 1.0905328929424285, 0.9638463318347931, 0.9245966613292694, 0.8164880990982055, 0.8006896793842315, 0.7744646012783051, 0.6684105813503265, 0.5824707686901093, 0.5888180792331695, 0.5701772183179855, 0.4578828364610672, 0.47300730645656586, 0.41910624504089355, 0.35812961161136625]","[2.1953395207722983, 1.9875753323237102, 1.8396660486857097, 1.7187153100967407, 1.6000305811564128, 1.5278229316075642, 1.4949056307474773, 1.3983364502588909, 1.3155580759048462, 1.2410595814387004, 1.2049233516057332, 1.158109982808431, 1.154098669687907, 1.0658600330352783, 0.9892739256223043, 1.022063712279002, 1.0508436957995098, 0.9758195082346598, 0.9079563816388448, 0.8576487302780151, 0.8851443926493326, 0.9664814472198486, 0.8312355478604635, 0.8112069964408875, 0.8564038276672363, 0.8253084222475687]",79.0
exp4_2_dropout,5,81.76100628930817,"[2.258861517906189, 2.1462637901306154, 2.028719890117645, 1.9290512442588805, 1.8348918080329895, 1.7144686222076415, 1.6295433163642883, 1.5090338945388795, 1.435553205013275, 1.3065741777420044, 1.2220333814620972, 1.1331972539424897, 1.047762942314148, 0.9706822574138642, 0.912625378370285, 0.8599939405918121, 0.7831708133220673, 0.7293124735355377, 0.635525006055832, 0.6374794006347656, 0.5617243438959122, 0.535731315612793, 0.4478455871343613, 0.49239447712898254, 0.3763780429959297, 0.38909305930137633, 0.4190450429916382, 0.3253587603569031, 0.311128032207489, 0.320629420876503, 0.2657762184739113, 0.2331933081150055]","[2.166630665461222, 2.0320384899775186, 1.9304736455281575, 1.824211319287618, 1.6948805650075276, 1.5339359045028687, 1.4020099242528279, 1.2898959318796794, 1.1746080319086711, 1.0591965516408284, 0.9948602914810181, 0.9342273076375326, 0.8778414328893026, 0.8034643729527792, 0.8041183153788248, 0.7707806626955668, 0.7586820324261984, 0.8292712966601054, 0.8653524319330851, 0.894183079401652, 0.974049965540568, 1.0154716769854228, 1.0810227791468303, 1.0955012043317158, 1.0806501507759094, 1.1022393107414246, 1.1654554605484009, 1.21220201253891, 1.2809661030769348, 1.3665615916252136, 1.4231377045313518, 1.4879695971806843]",78.0
exp4_3_dropout,1,79.375,"[2.3032686948776244, 2.2533313035964966, 2.208315896987915, 2.1505840539932253, 2.0619122266769407, 2.0127575278282164, 1.851944899559021, 1.798806095123291, 1.729900026321411, 1.639798891544342, 1.609895122051239, 1.5030493497848512, 1.4781572222709656, 1.4198605179786683, 1.3748560190200805, 1.3129894137382507, 1.3001078605651855, 1.2576728820800782, 1.1615617394447326, 1.0843627989292144, 1.138246750831604, 1.0397129952907562, 1.039677131175995, 0.9095649719238281, 0.9057297468185425, 0.8228424310684204, 0.865441906452179, 0.7827333867549896, 0.795569223165512, 0.6899241387844086, 0.707313734292984, 0.7317933291196823, 0.6652240335941315, 0.608001121878624, 0.5636873066425323, 0.5534948676824569, 0.5700390547513962, 0.5475266218185425, 0.5313257157802582, 0.4844897389411926, 0.501436373591423, 0.4823509931564331, 0.5324879676103592, 0.4076221615076065, 0.4105875760316849, 0.37955435216426847, 0.4702110648155212, 0.40638929307460786, 0.37574887871742246, 0.38202676475048064]","[2.2583640416463218, 2.196805000305176, 2.1279470125834146, 2.0291691223780313, 1.9284547567367554, 1.8138100306193035, 1.6813172499338787, 1.5826858282089233, 1.5029573837916057, 1.426296552022298, 1.363995353380839, 1.3201768000920613, 1.2756345669428508, 1.2284082571665447, 1.1949304342269897, 1.1620177427927654, 1.1278878450393677, 1.1099600394566853, 1.0639228423436482, 1.0397525628407795, 1.0049251119295757, 0.9510172406832377, 0.9544953107833862, 0.9421191215515137, 0.910604993502299, 0.8838954965273539, 0.8795130848884583, 0.8640701572100321, 0.8300951520601908, 0.8328541914621989, 0.8368231256802877, 0.7895873387654623, 0.7830283641815186, 0.8019864559173584, 0.8404727180798849, 0.8263239065806071, 0.8232207099596659, 0.8494334022204081, 0.8244182268778483, 0.8060759902000427, 0.7990747292836508, 0.7913387815157572, 0.7785914341608683, 0.8277637958526611, 0.7995855212211609, 0.7849020560582479, 0.8100512425104777, 0.8479506770769755, 0.8172755837440491, 0.810502310593923]",77.5
exp4_3_dropout,2,82.5,"[2.285483884811401, 2.2201953649520876, 2.136491584777832, 2.075005388259888, 2.0335922241210938, 1.9427615880966187, 1.8698753595352173, 1.8333219289779663, 1.7271165013313294, 1.6758646368980408, 1.6005844116210937, 1.568326473236084, 1.511926817893982, 1.460146152973175, 1.4068813443183898, 1.3362651348114014, 1.2985280513763429, 1.240578842163086, 1.230007141828537, 1.184378159046173, 1.1026869237422943, 0.9727167129516602, 0.9553145945072175, 0.9689074337482453, 0.9018488526344299, 0.8595966458320617, 0.8991082429885864, 0.7899997293949127, 0.8429243505001068, 0.7404666543006897, 0.7278517723083496, 0.724994170665741, 0.6494012773036957, 0.6451764702796936, 0.5736014395952225, 0.5835332244634628, 0.5910923033952713, 0.5970553368330002, 0.534975278377533, 0.5087070405483246, 0.5453485757112503, 0.5377428144216537, 0.4823397368192673]","[2.2084600925445557, 2.0786282221476235, 1.9456675847371419, 1.8627697626749675, 1.803520401318868, 1.7360553344090779, 1.651470939318339, 1.5698169469833374, 1.480888565381368, 1.4079037110010784, 1.346073587735494, 1.2893278201421101, 1.2406198183695476, 1.1972540616989136, 1.1553267637888591, 1.1171011924743652, 1.062340259552002, 1.0135334928830464, 0.9735633929570516, 0.9612607757250468, 0.9416372974713644, 0.9055675864219666, 0.8806729912757874, 0.8363314867019653, 0.8004058599472046, 0.8049847086270651, 0.7996106743812561, 0.7817747394243876, 0.7848700682322184, 0.7854829033215841, 0.7933585047721863, 0.7991363406181335, 0.8071057399113973, 0.8117039004961649, 0.7766824165980021, 0.731018602848053, 0.7064695159594218, 0.7400308052698771, 0.7844728827476501, 0.7558577656745911, 0.6997180581092834, 0.7175050576527914, 0.7550268173217773]",79.0
exp4_3_dropout,3,90.0,"[2.2841373682022095, 2.233159303665161, 2.1450149416923523, 2.097187173366547, 2.0606356263160706, 1.9782323956489563, 1.8559176445007324, 1.9074400782585144, 1.7813596248626709, 1.7516292929649353, 1.662233579158783, 1.6371431827545166, 1.6210294127464295, 1.473760962486267, 1.4530728816986085, 1.418585979938507, 1.3590777158737182, 1.3104096055030823, 1.2190556049346923, 1.2422773003578187, 1.1434920370578765, 1.1662155747413636, 1.0735589146614075, 1.073001390695572, 1.01418074965477, 1.019953852891922, 0.96242555975914, 0.9162497818470001, 0.8661819279193879, 0.8526163518428802, 0.865124124288559, 0.8162601828575134, 0.7871067225933075, 0.7275383174419403, 0.7594932943582535, 0.6620021224021911, 0.6778457492589951, 0.6346711963415146, 0.5777061283588409, 0.5689087450504303, 0.5280887544155121, 0.5140621215105057, 0.4998242199420929, 0.5221422702074051]","[2.241914431254069, 2.1379093329111734, 2.0275495449701944, 1.9363702138264973, 1.8444725672403972, 1.7653077840805054, 1.6571681499481201, 1.5761779149373372, 1.5035864909489949, 1.4341061909993489, 1.3735305865605671, 1.345561424891154, 1.3028634786605835, 1.2350027958552043, 1.1801510254542034, 1.1175392468770344, 1.0875732103983562, 1.0296627481778462, 0.9890937010447184, 0.9459209442138672, 0.9132482409477234, 0.8815967837969462, 0.8454065521558126, 0.8068885803222656, 0.7894662817319235, 0.7454241514205933, 0.733067512512207, 0.7048112352689108, 0.682866632938385, 0.6607799331347147, 0.6390095949172974, 0.6361059347788492, 0.5925862491130829, 0.5490061144034067, 0.5401696364084879, 0.5079160233338674, 0.47822020451227826, 0.4531387984752655, 0.4387807051340739, 0.47387699286142987, 0.49583619832992554, 0.48741499582926434, 0.4614819884300232, 0.4692091643810272]",79.5
exp4_3_dropout,4,81.875,"[2.2910851001739503, 2.2331130504608154, 2.1551241874694824, 2.106705069541931, 2.0621942281723022, 1.9846141338348389, 1.9239764928817749, 1.8730991005897522, 1.7888216376304626, 1.7444419026374818, 1.732717180252075, 1.6316471815109252, 1.5865002155303956, 1.5611653804779053, 1.5166393399238587, 1.4209568500518799, 1.3475633978843689, 1.3170263409614562, 1.3008856296539306, 1.1802042841911315, 1.1605668187141418, 1.0608118772506714, 0.9989708304405213, 0.9694740772247314, 0.9315774857997894, 0.892154061794281, 0.8656707644462586, 0.7754879117012023, 0.7871579527854919, 0.7408169209957123, 0.7328090608119965, 0.6819048464298249, 0.649918133020401, 0.6328658103942871, 0.6307222545146942, 0.5846640944480896, 0.5666163027286529, 0.5615486919879913, 0.48137506246566775, 0.5219582721590996, 0.49538448452949524, 0.46262842416763306, 0.4686518758535385, 0.4848206043243408, 0.4421245068311691, 0.38647036254405975, 0.37111103534698486, 0.34582310616970063, 0.435613352060318, 0.356471049785614]","[2.239330609639486, 2.128077665964762, 2.0101008812586465, 1.934248725573222, 1.8750953276952107, 1.8258133331934612, 1.7666635910669963, 1.709104100863139, 1.6509443918863933, 1.600477894147237, 1.5424698193868, 1.4885810613632202, 1.4501467943191528, 1.4083203077316284, 1.3463413715362549, 1.3064154386520386, 1.2742021878560383, 1.2439177831013997, 1.1978025039037068, 1.1489499409993489, 1.1075679858525593, 1.0977839827537537, 1.0756622354189556, 1.0154298742612202, 0.9737240672111511, 1.0055931210517883, 0.9899999698003134, 1.0079233447710674, 0.9575255115826925, 0.9125902851422628, 0.9600092768669128, 0.9110523263613383, 0.9523560603459676, 0.9645756085713705, 0.9077723622322083, 0.9148784081141154, 0.9159535566965739, 0.902341902256012, 0.9347532590230306, 1.0142006874084473, 1.0190192858378093, 0.963652511437734, 0.9807577729225159, 1.0214871168136597, 1.086786925792694, 1.0284003218015034, 1.0052810708681743, 1.0448132554690044, 1.0620517532030742, 1.0882401665051777]",76.5
exp4_3_dropout,5,83.64779874213836,"[2.2948219537734986, 2.251752495765686, 2.225083065032959, 2.196399474143982, 2.1173194646835327, 2.0596827268600464, 2.009186100959778, 1.9160193920135498, 1.8626809120178223, 1.7769073963165283, 1.6727741241455079, 1.6125878691673279, 1.5348384857177735, 1.4962902903556823, 1.4506017923355103, 1.357692503929138, 1.2889596462249755, 1.2530664503574371, 1.1823697447776795, 1.163281500339508, 1.1434020817279815, 1.0869674980640411, 0.9512735188007355, 0.9610343396663665, 0.9244837999343872, 0.8872763216495514, 0.8758338630199433, 0.8624974310398101, 0.8364344775676728, 0.8174311101436615, 0.7887596130371094, 0.7420985698699951, 0.6952014207839966, 0.7242660522460938, 0.6789563417434692, 0.6145402491092682, 0.652443128824234, 0.5869896590709687, 0.6132804036140442, 0.5948170989751815, 0.5179317742586136, 0.5368890196084977, 0.5096695303916932, 0.49994690120220187, 0.5427428185939789, 0.48027307391166685, 0.4902102917432785, 0.44767729938030243, 0.45898505449295046, 0.4509445160627365]","[2.2724854946136475, 2.2126954396565757, 2.1464675267537436, 2.0948927799860635, 2.0240727265675864, 1.925713340441386, 1.8434656858444214, 1.7264766693115234, 1.6085610389709473, 1.488534967104594, 1.3827458620071411, 1.3095184167226155, 1.2405858238538106, 1.183704396088918, 1.13088721036911, 1.0874548554420471, 1.0543287793795268, 1.0371307730674744, 1.0098676880200703, 0.9834145307540894, 0.9399483799934387, 0.9039552807807922, 0.8936864535013834, 0.9102376898129781, 0.9366310040156046, 0.947130541006724, 0.998823861281077, 1.02862415711085, 1.027756889661153, 0.9902962644894918, 0.9492419163386027, 0.9154221614201864, 0.9852580229441324, 0.9722802639007568, 1.0056634147961934, 1.027984042962392, 1.0295103589693706, 1.0319093664487202, 1.129422167936961, 1.1283721327781677, 1.1564618746439617, 1.177882432937622, 1.1967363556226094, 1.225795328617096, 1.3346455295880635, 1.3604524334271748, 1.3821117679278057, 1.3275928099950154, 1.304121047258377, 1.3436119953791301]",75.5
exp4_4_dropout,1,80.0,"[2.2745733499526977, 2.167429256439209, 2.0677794337272646, 2.0020221710205077, 1.8670990467071533, 1.8468876361846924, 1.7696371793746948, 1.6247028231620788, 1.6433732509613037, 1.545616662502289, 1.4481634020805358, 1.3765181183815003, 1.2891317129135131, 1.278793489933014, 1.2490922212600708, 1.2201130986213684, 1.1412712216377259, 1.09876629114151, 1.0922855973243712, 1.0295202255249023, 0.9907799541950226, 0.9068477571010589, 0.8828904926776886, 0.8203344583511353, 0.8114790797233582, 0.7882397294044494, 0.7196772485971451, 0.6922628283500671, 0.6522635102272034, 0.6281219124794006, 0.6096938490867615, 0.6201380610466003, 0.605146050453186, 0.5304354459047318, 0.5491081923246384, 0.5615325510501862, 0.46677753031253816, 0.4530095934867859, 0.5172514706850052, 0.4097797483205795, 0.3994480460882187, 0.4387668251991272, 0.4059275731444359, 0.3951505035161972, 0.3892043650150299, 0.35107764005661013]","[2.205331722895304, 2.04751193523407, 1.886292576789856, 1.7622639338175456, 1.647934873898824, 1.5509812434514363, 1.4741453727086384, 1.390284498532613, 1.326414664586385, 1.264013409614563, 1.208927869796753, 1.15430744489034, 1.098803182442983, 1.0455815196037292, 1.0055593450864155, 0.9725112915039062, 0.9508875012397766, 0.9276782075564066, 0.8983700672785441, 0.8731365998586019, 0.8527182539304098, 0.8288394411404928, 0.8058481017748514, 0.7859358986218771, 0.7621575593948364, 0.7427913546562195, 0.7161134481430054, 0.704974095026652, 0.6930281519889832, 0.6818954944610596, 0.6814576983451843, 0.6733104983965555, 0.6461435755093893, 0.6282043854395548, 0.6442334453264872, 0.6454873085021973, 0.6332317392031351, 0.612958292166392, 0.605595330397288, 0.6137631336847941, 0.6331663529078165, 0.632305641969045, 0.601978729168574, 0.5937969187895457, 0.6062438686688741, 0.598789652188619]",80.0
exp4_4_dropout,2,80.0,"[2.262360763549805, 2.1465068578720095, 2.027853775024414, 1.967578399181366, 1.840045440196991, 1.7417065620422363, 1.6444756984710693, 1.6515700817108154, 1.5495924592018127, 1.5384832501411438, 1.4340115189552307, 1.3534475326538087, 1.330269491672516, 1.300041139125824, 1.2021970987319945, 1.161163479089737, 1.0933294892311096, 0.9848595678806304, 1.0217175304889679, 0.9494884312152863, 0.9434086084365845, 0.9275835394859314, 0.8625626564025879, 0.7874635934829712, 0.6968716084957123, 0.7310083448886872]","[2.119710922241211, 1.9318926731745403, 1.7854340076446533, 1.667234182357788, 1.5609995524088542, 1.4546021223068237, 1.3633866707483928, 1.2964161237080891, 1.2378508647282918, 1.1820047696431477, 1.1284818251927693, 1.0707231561342876, 1.0074745615323384, 0.9552147189776102, 0.9074051380157471, 0.8677805264790853, 0.8180011312166849, 0.7882489760716757, 0.7690502802530924, 0.7563321590423584, 0.7415104111035665, 0.7220203280448914, 0.7037269473075867, 0.7016969521840414, 0.7016150156656901, 0.6821573774019877]",77.0
exp4_4_dropout,3,85.625,"[2.26712806224823, 2.190163516998291, 2.1012927055358888, 1.9902677416801453, 1.9586902856826782, 1.8099159836769103, 1.7874894857406616, 1.707984161376953, 1.6274576306343078, 1.5672819137573242, 1.4542050957679749, 1.3932230114936828, 1.3833529829978943, 1.2793935298919679, 1.255649733543396, 1.2344437837600708, 1.1291707694530486, 1.1219001471996308, 0.9808857321739197, 1.0736294507980346, 0.9603756487369537, 0.9516703069210053, 0.9230818629264832, 0.8529511332511902, 0.8152380049228668, 0.8139066576957703, 0.7748760521411896, 0.7115233778953552, 0.7074031889438629, 0.6604618579149246, 0.6069016695022583, 0.6384117841720581, 0.5986512005329132, 0.6166498303413391, 0.5981027245521545, 0.551638451218605]","[2.1837817827860513, 2.033844312032064, 1.8838409980138142, 1.7618325153986614, 1.6397477388381958, 1.5371572176615398, 1.44806973139445, 1.3772646188735962, 1.2944411834081013, 1.2188922961552937, 1.1547237833340962, 1.0756068428357441, 1.0245787700017293, 0.9707674185434977, 0.9225224455197653, 0.8727153738339742, 0.8450956344604492, 0.8010835647583008, 0.7427692413330078, 0.7170554598172506, 0.6859108408292135, 0.6629253129164377, 0.6412053108215332, 0.6010273396968842, 0.571225643157959, 0.5571773648262024, 0.5576906005541483, 0.5589039425055186, 0.5145945946375529, 0.5070846676826477, 0.5195705890655518, 0.5049118101596832, 0.4913676381111145, 0.4854026138782501, 0.48806032538414, 0.5012056529521942]",76.5
exp4_4_dropout,4,83.125,"[2.2634045362472532, 2.176082491874695, 2.052113723754883, 1.9534053087234498, 1.9154825925827026, 1.8571864008903503, 1.7678372859954834, 1.691455900669098, 1.6491206884384155, 1.5285459399223327, 1.490620756149292, 1.4167832374572753, 1.3398009061813354, 1.3308717846870421, 1.2137396812438965, 1.1546931147575379, 1.1376745223999023, 1.1183848440647126, 1.075641918182373, 0.9518024384975433, 0.9493500590324402, 0.914123147726059, 0.8495155513286591, 0.7785815596580505, 0.8284527719020843, 0.7478043019771576, 0.7180099785327911, 0.6888857185840607, 0.6380550056695938, 0.6956259369850158, 0.6167268544435501, 0.6314060986042023, 0.595682156085968, 0.5810188293457031, 0.5723227679729461, 0.5186271876096725, 0.49237954020500185, 0.4844715654850006, 0.4675032913684845, 0.4978849798440933, 0.4741006165742874, 0.48844282031059266, 0.4001201093196869, 0.4450437664985657, 0.44661498069763184, 0.40751210451126096, 0.39018156230449674, 0.39316488802433014, 0.348554790019989]","[2.1711127758026123, 2.01250422000885, 1.8644152482350667, 1.7554985682169597, 1.6568305095036824, 1.5730727513631184, 1.5094199975331624, 1.4366053740183513, 1.3576571146647136, 1.2902763684590657, 1.2222967147827148, 1.1401647329330444, 1.0887693166732788, 1.054433782895406, 1.0030847589174907, 0.946994423866272, 0.920921782652537, 0.887718915939331, 0.8730223576227824, 0.8485643267631531, 0.8318676948547363, 0.8256270885467529, 0.8143159548441569, 0.8020401199658712, 0.8052829106648763, 0.7932063142458597, 0.7515009641647339, 0.7435531218846639, 0.7523593703905741, 0.7581285039583842, 0.7695382237434387, 0.7911244630813599, 0.7570107380549113, 0.7167649666468302, 0.756844957669576, 0.766651968161265, 0.7669296463330587, 0.7880765199661255, 0.770004133383433, 0.7888016502062479, 0.7807148297627767, 0.8015444477399191, 0.8138125737508138, 0.8231239716211954, 0.8044310410817465, 0.8297375043233236, 0.8638039032618204, 0.9147629936536154, 0.9045987129211426]",79.5
exp4_4_dropout,5,84.90566037735849,"[2.246005392074585, 2.1107784628868105, 2.019331455230713, 1.966082513332367, 1.8567006587982178, 1.7524281859397888, 1.6875701785087585, 1.7174894571304322, 1.5982945799827575, 1.525161862373352, 1.4712782740592956, 1.3879260897636414, 1.353725302219391, 1.3477367401123046, 1.2607964038848878, 1.2232598423957826, 1.2009493350982665, 1.108779674768448, 1.0986534118652345, 1.0635173499584198, 1.0147096812725067, 0.9048258066177368, 0.9468681633472442, 0.884636116027832, 0.8458792388439178, 0.7631909489631653, 0.7480528175830841, 0.7190059125423431, 0.6754842042922974, 0.6600618302822113, 0.6741642087697983, 0.6602477073669434, 0.5837319254875183, 0.5993436455726624, 0.6034885346889496, 0.5064530104398728, 0.5424232304096221, 0.5250628113746643, 0.4939006805419922, 0.47766315639019014, 0.45226673781871796, 0.42126248478889466, 0.4416681587696075, 0.4337857663631439, 0.4152194052934647, 0.4282532140612602]","[2.1147144635518393, 1.944672664006551, 1.8126107056935628, 1.7212963104248047, 1.6283532778422039, 1.5455591281255086, 1.4644728899002075, 1.3971230586369832, 1.3404053449630737, 1.2713943719863892, 1.1927569309870403, 1.1322171489397685, 1.0891114870707195, 1.0356223384539287, 0.9910190105438232, 0.9514590899149576, 0.9264139731725057, 0.8734190464019775, 0.8371924559275309, 0.8148524363835653, 0.8028378883997599, 0.7819570104281107, 0.7974673509597778, 0.7962098320325216, 0.7992522716522217, 0.795182466506958, 0.7692456444104513, 0.7561169068018595, 0.7615727583567301, 0.7455315192540487, 0.769131600856781, 0.7966274817784628, 0.8357130289077759, 0.8237232168515524, 0.8319077094395956, 0.8209339380264282, 0.8151677846908569, 0.819190522034963, 0.8314955830574036, 0.8795936107635498, 0.9067632555961609, 0.9092817505200704, 0.8743229707082113, 0.8852734764417013, 0.9210150837898254, 0.9598739544550577]",79.5
exp7_2_batchnorm_dropout,1,84.375,"[2.2917060613632203, 2.08252158164978, 2.017140519618988, 1.8831722021102906, 1.8348878383636475, 1.7165517687797547, 1.638478899002075, 1.5909888982772826, 1.5084138751029967, 1.4097265958786012, 1.353568708896637, 1.324017083644867, 1.2423465609550477, 1.1876323580741883, 1.1360129833221435, 1.0576660633087158, 0.9902802467346191, 0.9489550650119781, 0.8889455437660218, 0.8301099419593811, 0.7940641403198242, 0.7549040734767913, 0.7139568507671357, 0.6861788392066955, 0.6328760206699371, 0.6132244646549225]","[2.2001245816548667, 2.0508632262547812, 1.910766323407491, 1.8109654585520427, 1.7516494592030842, 1.6974122524261475, 1.6360700925191243, 1.5776433944702148, 1.536083698272705, 1.496125340461731, 1.438073992729187, 1.4059028228123982, 1.369296948115031, 1.3387943108876545, 1.2908498048782349, 1.224014679590861, 1.2087719440460205, 1.1541293462117512, 1.1224058071772258, 1.1036280989646912, 1.0772475798924763, 1.0498336553573608, 0.9946781992912292, 0.9668236970901489, 0.9505594174067179, 0.8900839487711588]",77.0
exp7_2_batchnorm_dropout,2,80.625,"[2.275695061683655, 2.064623248577118, 1.9473997950553894, 1.8407142639160157, 1.7832114338874816, 1.7449803948402405, 1.67196843624115, 1.6028015255928039, 1.5657334446907043, 1.4869136214256287, 1.440460443496704, 1.3852044463157653, 1.301300847530365, 1.2265739917755127, 1.1753979802131653, 1.1078725278377533, 1.058681809902191, 0.9917164623737336, 0.9402425527572632, 0.8671294629573822, 0.8117315292358398, 0.7394928514957428]","[2.1759751637776694, 1.9592701991399128, 1.7966763178507488, 1.7092513640721638, 1.6639591455459595, 1.627258578936259, 1.5823852221171062, 1.5524109204610188, 1.5144962072372437, 1.4708107709884644, 1.4300907055536907, 1.3875314791997273, 1.3337897062301636, 1.2775895595550537, 1.2370959122975667, 1.1956868569056194, 1.1314659118652344, 1.1020127932230632, 1.064009189605713, 1.0341205994288127, 1.0063605705897014, 0.9957025051116943]",79.0
exp7_2_batchnorm_dropout,3,88.75,"[2.2854050159454347, 2.0625388383865357, 1.9647260427474975, 1.8548104763031006, 1.8022870540618896, 1.7191394209861754, 1.6322451949119567, 1.530213510990143, 1.449932861328125, 1.3996042251586913, 1.3053735375404358, 1.2257853150367737, 1.183311104774475, 1.0852449893951417, 1.068438506126404, 0.9983364462852478, 0.9202863454818726, 0.850371265411377, 0.8218254685401917, 0.749740868806839, 0.7371965169906616, 0.6603929817676544, 0.659162163734436]","[2.208223501841227, 2.035618225733439, 1.867540955543518, 1.7636382579803467, 1.6793681780497234, 1.6208958228429158, 1.5560171206792195, 1.4783298174540203, 1.4028353293736775, 1.3469962279001872, 1.2947638034820557, 1.243266503016154, 1.1825985511144002, 1.1285549799601238, 1.0872975985209148, 1.0190265973409016, 0.9895605444908142, 0.929644763469696, 0.9191972414652506, 0.8627885977427164, 0.836535374323527, 0.8160820206006368, 0.7918184002240499]",80.0
exp7_2_batchnorm_dropout,4,82.5,"[2.197228288650513, 2.0169239163398744, 1.863880956172943, 1.780968677997589, 1.6910735964775085, 1.613021731376648, 1.5246474981307983, 1.4980755209922791, 1.4309065818786622, 1.3623767137527465, 1.279834234714508, 1.2500924944877625, 1.1828380346298217, 1.133848214149475, 1.053363060951233, 0.9980213701725006, 0.9318167984485626, 0.8662295699119568, 0.84210364818573, 0.8044119000434875, 0.7345583498477936, 0.6996900081634522, 0.6275214791297913, 0.6286424815654754, 0.6124280095100403, 0.5647327840328217, 0.5420520454645157, 0.4888917475938797, 0.4717177778482437]","[2.1708685557047525, 1.9713539679845173, 1.816715955734253, 1.718593676884969, 1.6640945672988892, 1.6308772563934326, 1.5743157068888347, 1.5165498654047649, 1.4742265542348225, 1.4223496913909912, 1.3641679684321086, 1.3100135723749797, 1.2743977308273315, 1.246909777323405, 1.2101069688796997, 1.1805400053660076, 1.1315516630808513, 1.0941290855407715, 1.0615059733390808, 1.0273894866307576, 0.9966358145078024, 0.9838345646858215, 0.9461870590845743, 0.9352918068567911, 0.9125871260960897, 0.9050117333730062, 0.8876195351282755, 0.8723800778388977, 0.8642108043034872]",82.5
exp7_2_batchnorm_dropout,5,85.53459119496856,"[2.247993898391724, 2.015682065486908, 1.9096675753593444, 1.7996309041976928, 1.7311721444129944, 1.6452641010284423, 1.548425030708313, 1.4834807157516479, 1.4271241784095765, 1.3315550088882446, 1.2875629305839538, 1.227160632610321, 1.1962062001228333, 1.1185203433036803, 1.0514131605625152, 0.9945113658905029, 0.9893364310264587, 0.9408221185207367, 0.8895684361457825, 0.8592587113380432, 0.8158522307872772, 0.8070198357105255, 0.731067007780075, 0.6912449121475219, 0.6390530288219451, 0.6176636993885041, 0.6218594998121262, 0.5684456348419189, 0.5119496911764145, 0.4775454491376877, 0.4761881470680237, 0.4586899071931839, 0.3951135665178299, 0.38305525481700897]","[2.1903361479441323, 1.9553342660268147, 1.7670188347498577, 1.665668527285258, 1.5880380074183147, 1.5109858115514119, 1.4499656756718953, 1.3969494899113972, 1.3423312902450562, 1.311313549677531, 1.271438717842102, 1.2244352102279663, 1.1844128767649333, 1.159807562828064, 1.1284849842389424, 1.0739599466323853, 1.0489296317100525, 1.0170934597651164, 1.0008198022842407, 0.9729708433151245, 0.9380965232849121, 0.9033963282903036, 0.886384129524231, 0.8582965731620789, 0.8178999423980713, 0.8102126916249593, 0.7847649653752645, 0.7649735411008199, 0.7681483427683512, 0.7408526738484701, 0.7005727291107178, 0.6950512329737345, 0.6858230034510294, 0.6562308271725973]",81.0
exp7_2_batchnorm_dropout,1,85.0,"[2.2469939231872558, 2.0600940465927122, 1.8998310804367065, 1.8062309622764587, 1.6847770452499389, 1.6175949335098267, 1.510660421848297, 1.467378318309784, 1.4018160343170165, 1.3303540468215942, 1.2484746813774108, 1.1799191653728485, 1.1439081490039826, 1.0624002635478973, 1.0049347460269928, 0.9802205204963684, 0.920057088136673, 0.8427874088287354, 0.8074625730514526, 0.7355933725833893, 0.7235623061656952, 0.6579387187957764, 0.630839592218399, 0.6030812680721283, 0.5405077278614044, 0.5022906810045242, 0.529298621416092, 0.4829807072877884, 0.45205236971378326, 0.4070423185825348]","[2.2036447525024414, 1.9775277773539226, 1.796872854232788, 1.6893127759297688, 1.6162829796473186, 1.5451565186182659, 1.4955546458562214, 1.432184100151062, 1.3942912419637044, 1.3396217425664265, 1.2827760378519695, 1.2538392543792725, 1.203417181968689, 1.1575629313786824, 1.1264124910036724, 1.0998011827468872, 1.0380335052808125, 1.0253737966219585, 0.9734595616658529, 0.9447944164276123, 0.9291993776957194, 0.8919934034347534, 0.8438270489374796, 0.8471734325091044, 0.8175814549128214, 0.7802678346633911, 0.7733584443728129, 0.7504807710647583, 0.7362724741299947, 0.7112082441647848]",79.0
exp7_2_batchnorm_dropout,2,82.5,"[2.2547736406326293, 2.045223367214203, 1.8957025051116942, 1.8208311915397644, 1.687612807750702, 1.625851833820343, 1.541656506061554, 1.4897432684898377, 1.4191757321357727, 1.3375558972358703, 1.2527831077575684, 1.1953561425209045, 1.1164982438087463, 1.0872663021087647, 0.985956346988678, 0.9762526512145996, 0.8947324752807617, 0.8404128789901734, 0.8194127261638642, 0.798905223608017, 0.7554899394512177, 0.707006299495697, 0.6678031504154205]","[2.1945372422536216, 1.9688355525334675, 1.7663928270339966, 1.6563161611557007, 1.5721029837926228, 1.4898838599522908, 1.4478475252787273, 1.3916302124659221, 1.3419567743937175, 1.2939517100652058, 1.2788934310277302, 1.2276427348454793, 1.1906030972798665, 1.1579339106877644, 1.1159125963846843, 1.0809107224146526, 1.055241882801056, 1.0220139026641846, 1.0039039452870686, 0.9659180243810018, 0.9452199339866638, 0.9140993158022562, 0.8782072067260742]",79.0
exp7_2_batchnorm_dropout,3,89.375,"[2.246811771392822, 2.047221636772156, 1.9480103611946107, 1.8335514426231385, 1.7300148725509643, 1.6941659450531006, 1.5945604681968688, 1.5089423775672912, 1.4178808689117433, 1.3557525753974915, 1.3016660332679748, 1.237231183052063, 1.139258897304535, 1.1149986863136292, 1.0252264142036438, 0.9788611590862274, 0.9011299550533295, 0.8319275081157684, 0.8137695968151093, 0.7327387571334839, 0.7096423447132111, 0.6988211333751678, 0.6289661824703217, 0.6120964795351028, 0.5759589225053787, 0.5412978649139404, 0.4996959775686264, 0.4588738799095154, 0.4504051238298416, 0.44377686977386477, 0.4032319217920303, 0.39832840859889984, 0.380956181883812, 0.37208270728588105, 0.3503723174333572, 0.3330677479505539, 0.31325505673885345]","[2.187575419743856, 2.0187317927678428, 1.8791225751241047, 1.7695598999659221, 1.684627890586853, 1.5869730313618977, 1.4999408721923828, 1.4343278408050537, 1.3718181848526, 1.3012081782023113, 1.2577882210413616, 1.2192771434783936, 1.178747256596883, 1.1360816558202107, 1.10315998395284, 1.052592118581136, 0.9954185088475546, 0.9471792578697205, 0.913640300432841, 0.8808955550193787, 0.8658288518587748, 0.8268098632494608, 0.7839000423749288, 0.7528552810351054, 0.7422678669293722, 0.7004880309104919, 0.6926489869753519, 0.6657505035400391, 0.6195400158564249, 0.6044406096140543, 0.6249626080195109, 0.5868258277575175, 0.5761597951253256, 0.562815805276235, 0.5532165765762329, 0.5383208096027374, 0.5277750492095947]",78.0
exp7_2_batchnorm_dropout,4,83.125,"[2.207553339004517, 2.014099383354187, 1.8986093521118164, 1.8292273879051208, 1.7542878150939942, 1.7026041388511657, 1.607872688770294, 1.546536374092102, 1.4678269743919372, 1.3936460733413696, 1.3219095826148988, 1.2674089670181274, 1.2045693397521973, 1.1416325569152832, 1.0596310496330261, 1.0154007434844972, 0.9598657310009002, 0.8905371606349946, 0.833112508058548, 0.8088201344013214, 0.7466242134571075, 0.7453109622001648, 0.6865720808506012, 0.6423172295093537, 0.5991010904312134, 0.5535053133964538, 0.5339584022760391, 0.5239121645689011, 0.50072460770607, 0.4670297086238861, 0.4413414984941483, 0.433039391040802, 0.3928611695766449, 0.386321148276329]","[2.166363000869751, 1.9871315956115723, 1.857068419456482, 1.7548771699269612, 1.6984033187230427, 1.6471381187438965, 1.5899477402369182, 1.5535165468851726, 1.5144794782002766, 1.4509124358495076, 1.3902314106623332, 1.36476465066274, 1.3403768142064412, 1.2869251171747844, 1.2476531267166138, 1.186619798342387, 1.1633853514989216, 1.1267811059951782, 1.110109766324361, 1.0768332481384277, 1.0503328243891399, 1.0244852900505066, 1.0046795010566711, 0.9797966082890829, 0.929502526919047, 0.893416166305542, 0.8874801198641459, 0.8962612946828207, 0.8798343141873678, 0.8493708173433939, 0.8540120720863342, 0.8693767984708151, 0.8079570333162943, 0.804987887541453]",82.0
exp7_2_batchnorm_dropout,5,84.90566037735849,"[2.2494372129440308, 2.1236279964447022, 1.9790218830108643, 1.8876624345779418, 1.8098308086395263, 1.7291296243667602, 1.6431942343711854, 1.5868256211280822, 1.5158103466033936, 1.46670081615448, 1.3909013509750365, 1.3124044775962829, 1.2299983263015748, 1.1803888082504272, 1.1236950993537902, 1.06496924161911, 1.0163808822631837, 0.9307384133338928, 0.8826493442058563, 0.8534536540508271, 0.7748343408107757, 0.7308668911457061, 0.685225111246109, 0.6518245875835419]","[2.197629690170288, 2.0423678159713745, 1.9283465544382732, 1.831219474474589, 1.746384620666504, 1.6777355273564656, 1.6298101743062336, 1.570492188135783, 1.5034621953964233, 1.433405081431071, 1.376875638961792, 1.3709675868352253, 1.3009682099024455, 1.2770810921986897, 1.2296257416407268, 1.1954181989034016, 1.1341948906580608, 1.1164357662200928, 1.0934722224871318, 1.1001094579696655, 1.0686789751052856, 1.0611870288848877, 1.048685630162557, 1.0262337525685628]",80.5
